CNC.Controls.WPF.g.en-US.resources:macroeditor.baml,btn_add:System.Windows.Controls.ContentControl.Content,Button,True,True,,Hinzu
CNC.Controls.WPF.g.en-US.resources:grblconfigview.baml,btn_backup:System.Windows.Controls.ContentControl.Content,Button,True,True,,Backup
CNC.Controls.WPF.g.en-US.resources:portdialog.baml,btn_cancel:System.Windows.Controls.ContentControl.Content,Button,True,True,,Abbruch
CNC.Controls.WPF.g.en-US.resources:gcoderotatedialog.baml,btn_cancel:System.Windows.Controls.ContentControl.Content,Button,True,True,,Abbruch
CNC.Controls.WPF.g.en-US.resources:macroeditor.baml,btn_cancel:System.Windows.Controls.ContentControl.Content,Button,True,True,,Abbruch
CNC.Controls.WPF.g.en-US.resources:consolecontrol.baml,btn_clear:System.Windows.Controls.ContentControl.Content,Button,True,True,,Löschen
CNC.Controls.WPF.g.en-US.resources:offsetview.baml,btn_clear:System.Windows.Controls.ContentControl.Content,Button,True,True,,Alles Löschen
CNC.Controls.WPF.g.en-US.resources:toolview.baml,btn_clear:System.Windows.Controls.ContentControl.Content,Button,True,True,,Alles Löschen
CNC.Controls.WPF.g.en-US.resources:toolview.baml,btn_currPos:System.Windows.Controls.ContentControl.Content,Button,True,True,,Aktuelle Position ermitteln
CNC.Controls.WPF.g.en-US.resources:offsetview.baml,btn_currPos:System.Windows.Controls.ContentControl.Content,Button,True,True,,Aktuelle Position ermitteln
CNC.Controls.WPF.g.en-US.resources:jobcontrol.baml,btn_cycleStart:System.Windows.FrameworkElement.ToolTip,ToolTip,True,True,,Alt+R
CNC.Controls.WPF.g.en-US.resources:jobcontrol.baml,btn_cycleStart:System.Windows.Controls.ContentControl.Content,Button,True,True,,Start
CNC.Controls.WPF.g.en-US.resources:macroexecutecontrol.baml,btn_edit:System.Windows.Controls.ContentControl.Content,Button,True,True,,Bearbeiten
CNC.Controls.WPF.g.en-US.resources:jobcontrol.baml,btn_feedHold:System.Windows.FrameworkElement.ToolTip,ToolTip,True,True,,Leertaste 
CNC.Controls.WPF.g.en-US.resources:jobcontrol.baml,btn_feedHold:System.Windows.Controls.ContentControl.Content,Button,True,True,,Pause
CNC.Controls.WPF.g.en-US.resources:trinamicview.baml,btn_getStatus:System.Windows.Controls.ContentControl.Content,Button,True,True,,Status ermitteln
CNC.Controls.WPF.g.en-US.resources:trinamicview.baml,btn_getStatusAll:System.Windows.Controls.ContentControl.Content,Button,True,True,,Status aller Treiber ermitteln
CNC.Controls.WPF.g.en-US.resources:outlineflyout.baml,btn_go:System.Windows.Controls.ContentControl.Content,Button,True,True,,Los
CNC.Controls.WPF.g.en-US.resources:outlinebasecontrol.baml,btn_go:System.Windows.Controls.ContentControl.Content,Button,True,True,,Go
CNC.Controls.WPF.g.en-US.resources:gotobasecontrol.baml,btn_gotoG28:System.Windows.Controls.ContentControl.Content,Button,True,True,,Gehe zu Position 1 (G28)
CNC.Controls.WPF.g.en-US.resources:gotobasecontrol.baml,btn_gotoG30:System.Windows.Controls.ContentControl.Content,Button,True,True,,Gehe zu Position 2 (G30)
CNC.Controls.WPF.g.en-US.resources:statuscontrol.baml,btn_home:System.Windows.FrameworkElement.ToolTip,ToolTip,True,True,,Strg+H
CNC.Controls.WPF.g.en-US.resources:statuscontrol.baml,btn_home:System.Windows.Controls.ContentControl.Content,Button,True,True,,Homen
CNC.Controls.WPF.g.en-US.resources:portdialog.baml,btn_ok:System.Windows.Controls.ContentControl.Content,Button,True,True,,Ok
CNC.Controls.WPF.g.en-US.resources:about.baml,btn_ok:System.Windows.Controls.ContentControl.Content,Button,True,True,,Ok
CNC.Controls.WPF.g.en-US.resources:gcoderotatedialog.baml,btn_ok:System.Windows.Controls.ContentControl.Content,Button,True,True,,Ok
CNC.Controls.WPF.g.en-US.resources:macroeditor.baml,btn_ok:System.Windows.Controls.ContentControl.Content,Button,True,True,,Ok
CNC.Controls.WPF.g.en-US.resources:grblconfigview.baml,btn_reload:System.Windows.Controls.ContentControl.Content,Button,True,True,,Neu Laden
CNC.Controls.WPF.g.en-US.resources:grblconfigview.baml,btn_reload:System.Windows.FrameworkElement.ToolTip,ToolTip,True,True,,Einstellungen von Steuerung neu laden
CNC.Controls.WPF.g.en-US.resources:statuscontrol.baml,btn_reset:System.Windows.Controls.ContentControl.Content,Button,True,True,,Reset
CNC.Controls.WPF.g.en-US.resources:statuscontrol.baml,btn_reset:System.Windows.FrameworkElement.ToolTip,ToolTip,True,True,,Strg+Shift+R
CNC.Controls.WPF.g.en-US.resources:grblconfigview.baml,btn_restore:System.Windows.Controls.ContentControl.Content,Button,True,True,,Wiederherstellen
CNC.Controls.WPF.g.en-US.resources:jobcontrol.baml,btn_rewind:System.Windows.Controls.ContentControl.Content,Button,True,True,,Zurücksetzen
CNC.Controls.WPF.g.en-US.resources:grblconfigview.baml,btn_save:System.Windows.FrameworkElement.ToolTip,ToolTip,True,True,,Speichern Sie die geänderten Einstellungen in der Steuerung.
CNC.Controls.WPF.g.en-US.resources:grblconfigview.baml,btn_save:System.Windows.Controls.ContentControl.Content,Button,True,True,,Speichern
CNC.Controls.WPF.g.en-US.resources:appconfigview.baml,btn_saveSettings:System.Windows.Controls.ContentControl.Content,Button,True,True,,Einstellungen speichern
CNC.Controls.WPF.g.en-US.resources:mdicontrol.baml,btn_send:System.Windows.Controls.ContentControl.Content,Button,True,True,,Senden
CNC.Controls.WPF.g.en-US.resources:coordvaluesetcontrol.baml,btn_set:System.Windows.Controls.ContentControl.Content,Button,True,True,,Einstellen
CNC.Controls.WPF.g.en-US.resources:toolview.baml,btn_setAll:System.Windows.Controls.ContentControl.Content,Button,True,True,,Alles einstellen
CNC.Controls.WPF.g.en-US.resources:offsetview.baml,btn_setAll:System.Windows.Controls.ContentControl.Content,Button,True,True,,Alles einstellen
CNC.Controls.WPF.g.en-US.resources:jobcontrol.baml,btn_stop:System.Windows.Controls.ContentControl.Content,Button,True,True,,Stop
CNC.Controls.WPF.g.en-US.resources:jobcontrol.baml,btn_stop:System.Windows.FrameworkElement.ToolTip,ToolTip,True,True,,Alt+S
CNC.Controls.WPF.g.en-US.resources:about.baml,btn_toClipboard:System.Windows.Controls.ContentControl.Content,Button,True,True,,Zwischenablage
CNC.Controls.WPF.g.en-US.resources:about.baml,btn_toClipboard:System.Windows.FrameworkElement.ToolTip,ToolTip,True,True,,Kopieren von grbl Versionsinformationen und Einstellungen in die Zwischenablage
CNC.Controls.WPF.g.en-US.resources:statuscontrol.baml,btn_unlock:System.Windows.Controls.ContentControl.Content,Button,True,True,,Entriegeln
CNC.Controls.WPF.g.en-US.resources:statuscontrol.baml,btn_unlock:System.Windows.FrameworkElement.ToolTip,ToolTip,True,True,,Strg+U
CNC.Controls.WPF.g.en-US.resources:sdcardview.baml,btn_upload:System.Windows.Controls.ContentControl.Content,Button,True,True,,Hochladen
CNC.Controls.WPF.g.en-US.resources:drocontrol.baml,btn_zeroAll:System.Windows.Controls.ContentControl.Content,Button,True,True,,Alles Nullen
CNC.Controls.WPF.g.en-US.resources:sdcardview.baml,dgr_sdcard:System.Windows.FrameworkElement.ToolTip,ToolTip,True,True,,"Rechtsklick für Menü, Doppelklick zum Ausführen der Datei."
CNC.Controls.WPF.g.en-US.resources:about.baml,dlg_about:System.Windows.Window.Title,Title,True,True,,Über
CNC.Controls.WPF.g.en-US.resources:portdialog.baml,dlg_connection:System.Windows.Window.Title,Title,True,True,,Verbindung zum Sender
CNC.Controls.WPF.g.en-US.resources:macroeditor.baml,dlg_macroEditor:System.Windows.Window.Title,Title,True,True,,Macro Editor
CNC.Controls.WPF.g.en-US.resources:consolewindow.baml,dlg_senderConsole:System.Windows.Window.Title,Title,True,True,,Sender Konsole
CNC.Controls.WPF.g.en-US.resources:portdialog.baml,dlg_title:System.Windows.Window.Title,Title,True,True,,Verbindung zum Sender
CNC.Controls.WPF.g.en-US.resources:gcoderotatedialog.baml,fld_angle:CNC.Controls.NumericField.Unit,None,True,True,,Winkel
CNC.Controls.WPF.g.en-US.resources:gcoderotatedialog.baml,fld_angle:CNC.Controls.NumericField.Label,None,True,True,,Winkel:
CNC.Controls.WPF.g.en-US.resources:jogconfigcontrol.baml,fld_fastDistance:CNC.Controls.NumericField.Label,None,False,True,,Distanz Schnellvorschub:
CNC.Controls.WPF.g.en-US.resources:jogconfigcontrol.baml,fld_fastFeedrate:CNC.Controls.NumericField.Label,None,False,True,,Vorschub Schnell:
CNC.Controls.WPF.g.en-US.resources:jogconfigcontrol.baml,fld_fastFeedrate:CNC.Controls.NumericField.Unit,None,False,True,,mm/min
CNC.Controls.WPF.g.en-US.resources:basicconfigcontrol.baml,fld_maxBuffer:CNC.Controls.NumericField.Label,None,False,True,,Max Puffer:
CNC.Controls.WPF.g.en-US.resources:basicconfigcontrol.baml,fld_maxBuffer:CNC.Controls.NumericField.Unit,None,False,True,,bytes
CNC.Controls.WPF.g.en-US.resources:basicconfigcontrol.baml,fld_maxBuffer:System.Windows.FrameworkElement.ToolTip,ToolTip,True,True,,Maximal genutzte serielle Puffergröße (begrenzt auf 90 % des angegebenen Wertes).
CNC.Controls.WPF.g.en-US.resources:basicconfigcontrol.baml,fld_pollInterval:System.Windows.FrameworkElement.ToolTip,ToolTip,True,True,,Zeit zwischen den an den Controller gesendeten Statusanfragen.
CNC.Controls.WPF.g.en-US.resources:basicconfigcontrol.baml,fld_pollInterval:CNC.Controls.NumericField.Label,None,False,True,,Abfrageintervall:
CNC.Controls.WPF.g.en-US.resources:basicconfigcontrol.baml,fld_pollInterval:CNC.Controls.NumericField.Unit,None,False,True,,ms
CNC.Controls.WPF.g.en-US.resources:basicconfigcontrol.baml,fld_resetDelay:CNC.Controls.NumericField.Label,None,False,True,,Reset Verzögerung:
CNC.Controls.WPF.g.en-US.resources:basicconfigcontrol.baml,fld_resetDelay:CNC.Controls.NumericField.Unit,None,False,True,,ms
CNC.Controls.WPF.g.en-US.resources:basicconfigcontrol.baml,fld_resetDelay:System.Windows.FrameworkElement.ToolTip,ToolTip,True,True,,"Verzögerung, damit der Controller das Booten beenden kann, bevor die Kommunikation beginnt."
CNC.Controls.WPF.g.en-US.resources:jogconfigcontrol.baml,fld_slowDistance:CNC.Controls.NumericField.Label,None,False,True,,Distanz Langsamvorschub:
CNC.Controls.WPF.g.en-US.resources:jogconfigcontrol.baml,fld_slowFeedrate:CNC.Controls.NumericField.Label,None,False,True,,Vorschub Langsam:
CNC.Controls.WPF.g.en-US.resources:jogconfigcontrol.baml,fld_slowFeedrate:CNC.Controls.NumericField.Unit,None,False,True,,mm/min
CNC.Controls.WPF.g.en-US.resources:jogconfigcontrol.baml,fld_stepDistance:CNC.Controls.NumericField.Label,None,False,True,,Distanz Einzelschritt:
CNC.Controls.WPF.g.en-US.resources:jogconfigcontrol.baml,fld_stepFeedrate:CNC.Controls.NumericField.Unit,None,False,True,,mm/min
CNC.Controls.WPF.g.en-US.resources:jogconfigcontrol.baml,fld_stepFeedrate:CNC.Controls.NumericField.Label,None,False,True,,Vorschub Einzelschritt:
CNC.Controls.WPF.g.en-US.resources:basicconfigcontrol.baml,grb_mainConfig:System.Windows.Controls.HeaderedContentControl.Header,Label,True,True,,Hauptmenü
CNC.Controls.WPF.g.en-US.resources:coolantcontrol.baml,grp_coolant:System.Windows.Controls.HeaderedContentControl.Header,Label,True,True,,Kühlung
CNC.Controls.WPF.g.en-US.resources:drocontrol.baml,grp_dro:System.Windows.Controls.HeaderedContentControl.Header,Label,True,True,,Anzeige
CNC.Controls.WPF.g.en-US.resources:feedcontrol.baml,grp_feedrate:System.Windows.Controls.HeaderedContentControl.Header,Label,True,True,,Vorschub
CNC.Controls.WPF.g.en-US.resources:stripgcodeconfigcontrol.baml,grp_gcodeStrip:System.Windows.Controls.HeaderedContentControl.Header,Label,True,True,,GCode Befehle überspringen
CNC.Controls.WPF.g.en-US.resources:gotocontrol.baml,grp_goto:System.Windows.Controls.HeaderedContentControl.Header,Label,True,True,,Goto
CNC.Controls.WPF.g.en-US.resources:jogbasecontrol.baml,grp_jogDistance:System.Windows.Controls.HeaderedContentControl.Header,Label,True,True,,Distanz
CNC.Controls.WPF.g.en-US.resources:jogbasecontrol.baml,grp_jogFeedrate:System.Windows.Controls.HeaderedContentControl.Header,Label,True,True,,Vorschub
CNC.Controls.WPF.g.en-US.resources:jogconfigcontrol.baml,grp_kbdJogging:System.Windows.Controls.HeaderedContentControl.Header,Label,True,True,,Tastatur-Jogging
CNC.Controls.WPF.g.en-US.resources:mdicontrol.baml,grp_mdi:System.Windows.Controls.HeaderedContentControl.Header,Label,True,True,,MDI
CNC.Controls.WPF.g.en-US.resources:outlinecontrol.baml,grp_outline:System.Windows.Controls.HeaderedContentControl.Header,Label,True,True,,Outline
CNC.Controls.WPF.g.en-US.resources:limitscontrol.baml,grp_programLimits:System.Windows.Controls.HeaderedContentControl.Header,Label,True,True,,Programm Grenzen
CNC.Controls.WPF.g.en-US.resources:gcoderotatedialog.baml,grp_rotationCenter:System.Windows.FrameworkElement.ToolTip,ToolTip,True,True,,"Aktivieren, um den Mittelpunkt relativ zum Auftrag auszuwählen, wenn nichts ausgewählt, wird X0,Y0 verwendet."
CNC.Controls.WPF.g.en-US.resources:gcoderotatedialog.baml,grp_rotationCenter:System.Windows.Controls.HeaderedContentControl.Header,Label,True,True,,Mittelpunkt der Drehung
CNC.Controls.WPF.g.en-US.resources:signalscontrol.baml,grp_signals:System.Windows.Controls.HeaderedContentControl.Header,Label,True,True,,Signale
CNC.Controls.WPF.g.en-US.resources:spindlecontrol.baml,grp_spindle:System.Windows.Controls.HeaderedContentControl.Header,Label,True,True,,Spindel
CNC.Controls.WPF.g.en-US.resources:trinamicview.baml,grp_stallGuard:System.Windows.Controls.HeaderedContentControl.Header,Label,True,True,,stallGuard
CNC.Controls.WPF.g.en-US.resources:jogcontrol.baml,grp_uijog:System.Windows.Controls.HeaderedContentControl.Header,Label,True,True,,Jogging
CNC.Controls.WPF.g.en-US.resources:joguiconfigcontrol.baml,grp_uiJogging:System.Windows.Controls.HeaderedContentControl.Header,Label,True,True,,UI jogging
CNC.Controls.WPF.g.en-US.resources:workparameterscontrol.baml,grp_workparams:System.Windows.Controls.HeaderedContentControl.Header,Label,True,True,,Arbeitsparameter
CNC.Controls.WPF.g.en-US.resources:gcodelistcontrol.baml,hdr_block:System.Windows.Controls.DataGridColumn.Header,None,True,True,,Block
CNC.Controls.WPF.g.en-US.resources:gcodelistcontrol.baml,hdr_data:System.Windows.Controls.DataGridColumn.Header,None,True,True,,Daten
CNC.Controls.WPF.g.en-US.resources:sdcardview.baml,hdr_name:System.Windows.Controls.DataGridColumn.Header,None,True,True,,Name
CNC.Controls.WPF.g.en-US.resources:offsetview.baml,hdr_offset:System.Windows.Controls.DataGridColumn.Header,None,True,True,,Offset
CNC.Controls.WPF.g.en-US.resources:grblconfigview.baml,hdr_settingId:System.Windows.Controls.DataGridColumn.Header,None,True,True,,Id
CNC.Controls.WPF.g.en-US.resources:grblconfigview.baml,hdr_settingName:System.Windows.Controls.DataGridColumn.Header,None,True,True,,Name
CNC.Controls.WPF.g.en-US.resources:grblconfigview.baml,hdr_settingUnit:System.Windows.Controls.DataGridColumn.Header,None,True,True,,Einheit
CNC.Controls.WPF.g.en-US.resources:grblconfigview.baml,hdr_settingValue:System.Windows.Controls.DataGridColumn.Header,None,True,True,,Wert
CNC.Controls.WPF.g.en-US.resources:sdcardview.baml,hdr_size:System.Windows.Controls.DataGridColumn.Header,None,True,True,,Größe
CNC.Controls.WPF.g.en-US.resources:toolview.baml,hdr_tool:System.Windows.Controls.DataGridColumn.Header,None,True,True,,Werkzeug
CNC.Controls.WPF.g.en-US.resources:consolecontrol.baml,label_filterRT:System.Windows.Controls.ContentControl.Content,CheckBox,True,True,,Echtzeit-Antworten ausfiltern
CNC.Controls.WPF.g.en-US.resources:consolecontrol.baml,label_showAll:System.Windows.Controls.ContentControl.Content,CheckBox,True,True,,Alle Echtzeit-Antworten zeigen
CNC.Controls.WPF.g.en-US.resources:offsetview.baml,lbl_aAxis:CNC.Controls.CoordValueSetControl.Label,None,True,True,,A Achse:
CNC.Controls.WPF.g.en-US.resources:basicconfigcontrol.baml,lbl_agressiveBuffering:System.Windows.FrameworkElement.ToolTip,ToolTip,True,True,,Puffert mehr als einen GCode-Block in der Steuerung für eine reibungslosere Ausführung. Nur für grblHAL!
CNC.Controls.WPF.g.en-US.resources:basicconfigcontrol.baml,lbl_agressiveBuffering:System.Windows.Controls.ContentControl.Content,CheckBox,True,True,,Aggressives Puffern
CNC.Controls.WPF.g.en-US.resources:basicconfigcontrol.baml,lbl_autoCompressGcode:System.Windows.FrameworkElement.ToolTip,ToolTip,True,True,,Entfernt überflüssige GCode-Befehlselemente.
CNC.Controls.WPF.g.en-US.resources:basicconfigcontrol.baml,lbl_autoCompressGcode:System.Windows.Controls.ContentControl.Content,CheckBox,True,True,,Gcode bei Transformationen automatisch komprimieren
CNC.Controls.WPF.g.en-US.resources:offsetview.baml,lbl_bAxis:CNC.Controls.CoordValueSetControl.Label,None,True,True,,B Achse:
CNC.Controls.WPF.g.en-US.resources:offsetview.baml,lbl_cAxis:CNC.Controls.CoordValueSetControl.Label,None,True,True,,C Achse:
CNC.Controls.WPF.g.en-US.resources:spindlecontrol.baml,lbl_ccw:System.Windows.Controls.ContentControl.Content,RadioButton,True,True,,CCW
CNC.Controls.WPF.g.en-US.resources:statuscontrol.baml,lbl_check:System.Windows.Controls.ContentControl.Content,Label,True,True,,Prüfen
CNC.Controls.WPF.g.en-US.resources:trinamicview.baml,lbl_configure:System.Windows.Controls.ContentControl.Content,Button,True,True,,Konfiguration
CNC.Controls.WPF.g.en-US.resources:spindlecontrol.baml,lbl_cw:System.Windows.Controls.ContentControl.Content,RadioButton,True,True,,CW
CNC.Controls.WPF.g.en-US.resources:joguiconfigcontrol.baml,lbl_distance0:CNC.Controls.NumericField.Unit,None,False,True,,mm
CNC.Controls.WPF.g.en-US.resources:joguiconfigcontrol.baml,lbl_distance0:CNC.Controls.NumericField.Label,None,False,True,,Distanz 0:
CNC.Controls.WPF.g.en-US.resources:joguiconfigcontrol.baml,lbl_distance1:CNC.Controls.NumericField.Label,None,False,True,,Distanz 1:
CNC.Controls.WPF.g.en-US.resources:joguiconfigcontrol.baml,lbl_distance1:CNC.Controls.NumericField.Unit,None,False,True,,mm
CNC.Controls.WPF.g.en-US.resources:joguiconfigcontrol.baml,lbl_distance2:CNC.Controls.NumericField.Unit,None,False,True,,mm
CNC.Controls.WPF.g.en-US.resources:joguiconfigcontrol.baml,lbl_distance2:CNC.Controls.NumericField.Label,None,False,True,,Distanz 2:
CNC.Controls.WPF.g.en-US.resources:joguiconfigcontrol.baml,lbl_distance3:CNC.Controls.NumericField.Unit,None,False,True,,mm
CNC.Controls.WPF.g.en-US.resources:joguiconfigcontrol.baml,lbl_distance3:CNC.Controls.NumericField.Label,None,False,True,,Distanz 3:
CNC.Controls.WPF.g.en-US.resources:jogconfigcontrol.baml,lbl_enable:System.Windows.Controls.ContentControl.Content,CheckBox,True,True,,Aktivieren
CNC.Controls.WPF.g.en-US.resources:coolantcontrol.baml,lbl_fan:System.Windows.Controls.ContentControl.Content,CheckBox,True,True,,Lüfter
CNC.Controls.WPF.g.en-US.resources:outlineflyout.baml,lbl_feedrate:CNC.Controls.NumericField.Label,None,True,True,,Vorschub:
CNC.Controls.WPF.g.en-US.resources:outlinebasecontrol.baml,lbl_feedrate:CNC.Controls.NumericField.Label,None,True,True,,Feed rate:
CNC.Controls.WPF.g.en-US.resources:joguiconfigcontrol.baml,lbl_feedrate0:CNC.Controls.NumericField.Label,None,False,True,,Vorschub 0:
CNC.Controls.WPF.g.en-US.resources:joguiconfigcontrol.baml,lbl_feedrate0:CNC.Controls.NumericField.Unit,None,False,True,,mm/min
CNC.Controls.WPF.g.en-US.resources:joguiconfigcontrol.baml,lbl_feedrate1:CNC.Controls.NumericField.Unit,None,False,True,,mm/min
CNC.Controls.WPF.g.en-US.resources:joguiconfigcontrol.baml,lbl_feedrate1:CNC.Controls.NumericField.Label,None,False,True,,Vorschub 1:
CNC.Controls.WPF.g.en-US.resources:joguiconfigcontrol.baml,lbl_feedrate2:CNC.Controls.NumericField.Label,None,False,True,,Vorschub 2:
CNC.Controls.WPF.g.en-US.resources:joguiconfigcontrol.baml,lbl_feedrate2:CNC.Controls.NumericField.Unit,None,False,True,,mm/min
CNC.Controls.WPF.g.en-US.resources:joguiconfigcontrol.baml,lbl_feedrate3:CNC.Controls.NumericField.Label,None,False,True,,Vorschub 3:
CNC.Controls.WPF.g.en-US.resources:joguiconfigcontrol.baml,lbl_feedrate3:CNC.Controls.NumericField.Unit,None,False,True,,mm/min
CNC.Controls.WPF.g.en-US.resources:basicconfigcontrol.baml,lbl_FilterOk:System.Windows.FrameworkElement.ToolTip,ToolTip,True,True,,"Aktivieren, wenn ok-Antworten die Konsolenprotokollierung überfordern, was typischerweise beim Senden vieler kurzer Befehle der Fall ist."
CNC.Controls.WPF.g.en-US.resources:basicconfigcontrol.baml,lbl_FilterOk:System.Windows.Controls.ContentControl.Content,CheckBox,True,True,,&quot;OK&quot; Antworten ausfiltern
CNC.Controls.WPF.g.en-US.resources:consolecontrol.baml,lbl_filterRT:System.Windows.Controls.ContentControl.Content,CheckBox,True,True,,Echtzeit-Antworten ausfiltern
CNC.Controls.WPF.g.en-US.resources:coolantcontrol.baml,lbl_flood:System.Windows.Controls.ContentControl.Content,CheckBox,True,True,,Flut-Kühlung
CNC.Controls.WPF.g.en-US.resources:portdialog.baml,lbl_ipAddress:System.Windows.Controls.ContentControl.Content,Label,True,True,,IP Addresse:
CNC.Controls.WPF.g.en-US.resources:basicconfigcontrol.baml,lbl_keepMdiFocus:System.Windows.Controls.ContentControl.Content,CheckBox,True,True,,MDI im Vordergrund behalten
CNC.Controls.WPF.g.en-US.resources:basicconfigcontrol.baml,lbl_keepMdiFocus:System.Windows.FrameworkElement.ToolTip,ToolTip,True,True,,Puffert mehr als einen GCode-Block in der Steuerung für eine reibungslosere Ausführung. Nur für grblHAL!
CNC.Controls.WPF.g.en-US.resources:jogconfigcontrol.baml,lbl_linkStepToUi:System.Windows.Controls.ContentControl.Content,CheckBox,True,True,,Link step distance to UI jogging
CNC.Controls.WPF.g.en-US.resources:machinepositionflyout.baml,lbl_machinePosition:System.Windows.Controls.TextBlock.Text,Text,True,True,,Maschinen Position
CNC.Controls.WPF.g.en-US.resources:coolantcontrol.baml,lbl_mist:System.Windows.Controls.ContentControl.Content,CheckBox,True,True,,Nebel-Kühlung
CNC.Controls.WPF.g.en-US.resources:mpgpending.baml,lbl_mpgModeActive:System.Windows.Controls.ContentControl.Content,Label,True,True,,"MPG-Modus aktiv, wartet darauf, dass er deaktiviert wird..."
CNC.Controls.WPF.g.en-US.resources:portdialog.baml,lbl_netPort:System.Windows.Controls.ContentControl.Content,Label,True,True,,Port:
CNC.Controls.WPF.g.en-US.resources:macroexecutecontrol.baml,lbl_noMacrosDefined:System.Windows.Controls.ContentControl.Content,Label,True,True,,"Keine Makros definiert, verwenden Sie die Schaltfläche Bearbeiten, um sie hinzuzufügen."
CNC.Controls.WPF.g.en-US.resources:macroexecutecontrol.baml,lbl_noMacrosDefined:System.Windows.Controls.TextBlock.Text,Text,True,True,,"Keine Makros definiert, verwenden Sie die Schaltfläche Bearbeiten, um sie hinzuzufügen."
CNC.Controls.WPF.g.en-US.resources:spindlecontrol.baml,lbl_off:System.Windows.Controls.ContentControl.Content,RadioButton,True,True,,Aus
CNC.Controls.WPF.g.en-US.resources:workparameterscontrol.baml,lbl_offset:System.Windows.Controls.ContentControl.Content,Label,True,True,,Offset:
CNC.Controls.WPF.g.en-US.resources:offsetview.baml,lbl_offset:System.Windows.Controls.ContentControl.Content,Label,True,True,,Offset:
CNC.Controls.WPF.g.en-US.resources:portdialog.baml,lbl_onConnect:System.Windows.Controls.ContentControl.Content,Label,True,True,,Verbinden:
CNC.Controls.WPF.g.en-US.resources:overridecontrol.baml,lbl_override:System.Windows.Controls.ContentControl.Content,Label,True,True,,Übersteuern
CNC.Controls.WPF.g.en-US.resources:feedcontrol.baml,lbl_rapids:System.Windows.Controls.ContentControl.Content,Label,True,True,,Schnellvorschub:
CNC.Controls.WPF.g.en-US.resources:basicconfigcontrol.baml,lbl_restoreWindowSize:System.Windows.FrameworkElement.ToolTip,ToolTip,True,True,,Fenstergröße beim nächsten Start wiederherstellen.
CNC.Controls.WPF.g.en-US.resources:basicconfigcontrol.baml,lbl_restoreWindowSize:System.Windows.Controls.ContentControl.Content,CheckBox,True,True,,Letzte Fenstergröße beim Starten wiederherstellen
CNC.Controls.WPF.g.en-US.resources:spindlecontrol.baml,lbl_rpm:System.Windows.Controls.ContentControl.Content,Label,True,True,,UPM
CNC.Controls.WPF.g.en-US.resources:portdialog.baml,lbl_serialPort:System.Windows.Controls.ContentControl.Content,Label,True,True,,Port:
CNC.Controls.WPF.g.en-US.resources:trinamicview.baml,lbl_sgLoad:System.Windows.Controls.ContentControl.Content,Label,True,True,,Laden (SG_Ergebnis)
CNC.Controls.WPF.g.en-US.resources:consolecontrol.baml,lbl_showAll:System.Windows.Controls.ContentControl.Content,CheckBox,True,True,,Alle Echtzeit-Antworten zeigen
CNC.Controls.WPF.g.en-US.resources:signalscontrol.baml,lbl_signalBlockDelete:System.Windows.FrameworkElement.ToolTip,ToolTip,True,True,,Block löschen
CNC.Controls.WPF.g.en-US.resources:signalscontrol.baml,lbl_signalCycleStart:System.Windows.FrameworkElement.ToolTip,ToolTip,True,True,,Start
CNC.Controls.WPF.g.en-US.resources:signalscontrol.baml,lbl_signalEStop:System.Windows.FrameworkElement.ToolTip,ToolTip,True,True,,E-Stop
CNC.Controls.WPF.g.en-US.resources:signalscontrol.baml,lbl_signalFeedHold:System.Windows.FrameworkElement.ToolTip,ToolTip,True,True,,Pause
CNC.Controls.WPF.g.en-US.resources:signalscontrol.baml,lbl_signalMotorWarning:System.Windows.FrameworkElement.ToolTip,ToolTip,True,True,,Motor Warnung
CNC.Controls.WPF.g.en-US.resources:signalscontrol.baml,lbl_signalOptionalStop:System.Windows.FrameworkElement.ToolTip,ToolTip,True,True,,Optional stop
CNC.Controls.WPF.g.en-US.resources:signalscontrol.baml,lbl_signalProbe:System.Windows.FrameworkElement.ToolTip,ToolTip,True,True,,Tastsignal
CNC.Controls.WPF.g.en-US.resources:signalscontrol.baml,lbl_signalReset:System.Windows.FrameworkElement.ToolTip,ToolTip,True,True,,Reset
CNC.Controls.WPF.g.en-US.resources:signalscontrol.baml,lbl_signalSafetyDoor:System.Windows.FrameworkElement.ToolTip,ToolTip,True,True,,Schutztür
CNC.Controls.WPF.g.en-US.resources:trinamicview.baml,lbl_stallGuardEnable:System.Windows.Controls.ContentControl.Content,CheckBox,True,True,,Filter aktivieren (SFILT)
CNC.Controls.WPF.g.en-US.resources:statuscontrol.baml,lbl_state:System.Windows.Controls.ContentControl.Content,Label,True,True,,Status:
CNC.Controls.WPF.g.en-US.resources:toolview.baml,lbl_tipRadius:CNC.Controls.CoordValueSetControl.Label,None,True,True,,Radius der Tastspitze:
CNC.Controls.WPF.g.en-US.resources:workparameterscontrol.baml,lbl_tool:System.Windows.Controls.ContentControl.Content,Label,True,True,,Werkzeug:
CNC.Controls.WPF.g.en-US.resources:toolview.baml,lbl_tool:System.Windows.Controls.ContentControl.Content,Label,True,True,,Werkzeug:
CNC.Controls.WPF.g.en-US.resources:consolecontrol.baml,lbl_verbose:System.Windows.Controls.ContentControl.Content,CheckBox,True,True,,Ausführliche Informationen
CNC.Controls.WPF.g.en-US.resources:portdialog.baml,lbl_websocket:System.Windows.Controls.ContentControl.Content,CheckBox,True,True,,WebSocket
CNC.Controls.WPF.g.en-US.resources:toolview.baml,lbl_xAxis:CNC.Controls.CoordValueSetControl.Label,None,True,True,,X Achse:
CNC.Controls.WPF.g.en-US.resources:offsetview.baml,lbl_xAxis:CNC.Controls.CoordValueSetControl.Label,None,True,True,,X Achse:
CNC.Controls.WPF.g.en-US.resources:toolview.baml,lbl_yAxis:CNC.Controls.CoordValueSetControl.Label,None,True,True,,Y Achse:
CNC.Controls.WPF.g.en-US.resources:offsetview.baml,lbl_yAxis:CNC.Controls.CoordValueSetControl.Label,None,True,True,,Y Achse:
CNC.Controls.WPF.g.en-US.resources:toolview.baml,lbl_zAxis:CNC.Controls.CoordValueSetControl.Label,None,True,True,,Z Achse:
CNC.Controls.WPF.g.en-US.resources:offsetview.baml,lbl_zAxis:CNC.Controls.CoordValueSetControl.Label,None,True,True,,Z Achse:
CNC.Controls.WPF.g.en-US.resources:sdcardview.baml,mnu_delete:System.Windows.Controls.HeaderedItemsControl.Header,Menu,True,True,,Löschen
CNC.Controls.WPF.g.en-US.resources:sdcardview.baml,mnu_downloadRun:System.Windows.Controls.HeaderedItemsControl.Header,Menu,True,True,,D_ownload and run
CNC.Controls.WPF.g.en-US.resources:sdcardview.baml,mnu_enableRewind:System.Windows.Controls.HeaderedItemsControl.Header,Menu,True,True,,Zurückspringen aktivieren
CNC.Controls.WPF.g.en-US.resources:sdcardview.baml,mnu_run:System.Windows.Controls.HeaderedItemsControl.Header,Menu,True,True,,Ausführen
CNC.Controls.WPF.g.en-US.resources:appconfigview.baml,msg_restart:System.String.$Content,None,True,True,,Nach einer Änderung der Einstellungen ist ein Neustart erforderlich!
CNC.Controls.WPF.g.en-US.resources:jogconfigcontrol.baml,pnl_kbdJogging:System.Windows.FrameworkElement.ToolTip,ToolTip,True,True,,Warnung! - Grbl hat Fehler bei der Jog-Abschaltung (beim Lösen der Taste).
CNC.Controls.WPF.g.en-US.resources:libstrings.baml,str_appconfCreate:System.String.$Content,None,True,True,,"Config-Datei nicht gefunden oder ungültig, neu erstellen?"
CNC.Controls.WPF.g.en-US.resources:libstrings.baml,str_appconfCreateFail:System.String.$Content,None,True,True,,Konfiguration kann nicht gespeichert werden.
CNC.Controls.WPF.g.en-US.resources:libstrings.baml,str_appconfNoConnect:System.String.$Content,None,True,True,,Verbindung kann nicht hergestellt werden ({0})
CNC.Controls.WPF.g.en-US.resources:jobcontrol.baml,str_checking:System.String.$Content,None,True,True,,Checking...
CNC.Controls.WPF.g.en-US.resources:statuscontrol.baml,str_clearEStop:System.String.$Content,None,True,True,,Not-Aus entfernen vor &lt;Reset&gt;&gt;
CNC.Controls.WPF.g.en-US.resources:libstrings.baml,str_convBlockOfBlocks:System.String.$Content,None,True,True,,Block: {0}/{1}
CNC.Controls.WPF.g.en-US.resources:libstrings.baml,str_convNumBlocks:System.String.$Content,None,True,True,,Blöcke: {1}
CNC.Controls.WPF.g.en-US.resources:sdcardview.baml,str_deleteFile:System.String.$Content,None,True,True,,Lösche {0}?
CNC.Controls.WPF.g.en-US.resources:sdcardview.baml,str_downloadAndRun:System.String.$Content,None,True,True,,Download and run {0}?
CNC.Controls.WPF.g.en-US.resources:sdcardview.baml,str_downloading:System.String.$Content,None,True,True,,Downloading {0}...
CNC.Controls.WPF.g.en-US.resources:jobcontrol.baml,str_g28g30:System.String.$Content,None,True,True,,Auftrag hat G28/G30-Bewegungen und die Maschine ist nicht referenziert.
CNC.Controls.WPF.g.en-US.resources:gotoflyoutcontrol.baml,str_gotoFlyout:System.String.$Content,None,True,True,,_Gehe zu
CNC.Controls.WPF.g.en-US.resources:libstrings.baml,str_grblStateAlarm:System.String.$Content,None,True,True,,ALARM
CNC.Controls.WPF.g.en-US.resources:libstrings.baml,str_grblStateCheck:System.String.$Content,None,True,True,,PRÜFEN
CNC.Controls.WPF.g.en-US.resources:libstrings.baml,str_grblStateDoor:System.String.$Content,None,True,True,,TÜR
CNC.Controls.WPF.g.en-US.resources:libstrings.baml,str_grblStateHold:System.String.$Content,None,True,True,,PAUSE
CNC.Controls.WPF.g.en-US.resources:libstrings.baml,str_grblStateHome:System.String.$Content,None,True,True,,HOME
CNC.Controls.WPF.g.en-US.resources:libstrings.baml,str_grblStateIdle:System.String.$Content,None,True,True,,LEERLAUF
CNC.Controls.WPF.g.en-US.resources:libstrings.baml,str_grblStateJog:System.String.$Content,None,True,True,,JOG
CNC.Controls.WPF.g.en-US.resources:libstrings.baml,str_grblStateRun:System.String.$Content,None,True,True,,RUN
CNC.Controls.WPF.g.en-US.resources:libstrings.baml,str_grblStateSleep:System.String.$Content,None,True,True,,WARTE
CNC.Controls.WPF.g.en-US.resources:libstrings.baml,str_grblStateTool:System.String.$Content,None,True,True,,TOOL
CNC.Controls.WPF.g.en-US.resources:libstrings.baml,str_grblStateUnknown:System.String.$Content,None,True,True,,UNBEKANNT
CNC.Controls.WPF.g.en-US.resources:sdcardview.baml,str_illegalName:System.String.$Content,None,True,True,,"Datei: {0}\\n!,?,~ und SPACE im Dateinamen nicht unterstützt, bitte umbenennen."
CNC.Controls.WPF.g.en-US.resources:jogflyoutcontrol.baml,str_jogFlyout:System.String.$Content,None,True,True,,_Jog
CNC.Controls.WPF.g.en-US.resources:macroexecutecontrol.baml,str_macrosFlyout:System.String.$Content,None,True,True,,_Macros
CNC.Controls.WPF.g.en-US.resources:machinepositionflyout.baml,str_mposFlyout:System.String.$Content,None,True,True,,M_Pos
CNC.Controls.WPF.g.en-US.resources:sdcardview.baml,str_notConnection:System.String.$Content,None,True,True,,No connection.
CNC.Controls.WPF.g.en-US.resources:outlineflyout.baml,str_outlineFlyout:System.String.$Content,None,True,True,,_Umriss
CNC.Controls.WPF.g.en-US.resources:jobcontrol.baml,str_pause:System.String.$Content,None,True,True,,Pause
CNC.Controls.WPF.g.en-US.resources:libstrings.baml,str_rotateG17G18Arcs:System.String.$Content,None,True,True,,Im GCode enthaltene Kreise in XZ- oder YZ-Ebene (G18/19) können nicht umgewandelt werden. Verwenden Sie &apos;Kreisbogen zu Linien&apos; wenn Sie dies wirklich brauchen.
CNC.Controls.WPF.g.en-US.resources:libstrings.baml,str_rotateRadiusArcs:System.String.$Content,None,True,True,,Im GCode enthaltene Kreise können nicht umgewandelt werden. Verwenden Sie &apos;Kreisbogen zu Linien&apos; wenn Sie dies wirklich brauchen.
CNC.Controls.WPF.g.en-US.resources:macrotoolbarcontrol.baml,str_runMacro:System.String.$Content,None,True,True,,Macro {0} starten?
CNC.Controls.WPF.g.en-US.resources:grblconfigview.baml,str_saveSettings:System.String.$Content,None,True,True,,"Einstellungen geändert, speichern?"
CNC.Controls.WPF.g.en-US.resources:grblconfigview.baml,str_settingsError:System.String.$Content,None,True,True,,"Einstellung {0} ergab {1}, weiter?"
CNC.Controls.WPF.g.en-US.resources:grblconfigview.baml,str_settingsFail:System.String.$Content,None,True,True,,Schade...\\nWeiter laden?
CNC.Controls.WPF.g.en-US.resources:grblconfigview.baml,str_settingsInvalid:System.String.$Content,None,True,True,,Datei enthält keine Einstellungen.
CNC.Controls.WPF.g.en-US.resources:grblconfigview.baml,str_settingsRestore:System.String.$Content,None,True,True,,Einstellungen aus Datei wiederherstellen
CNC.Controls.WPF.g.en-US.resources:grblconfigview.baml,str_settingsTimeout:System.String.$Content,None,True,True,,"Zeitüberschreitung beim Setzen von {0}, weiter?"
CNC.Controls.WPF.g.en-US.resources:grblconfigview.baml,str_settingsWritten:System.String.$Content,None,True,True,,Alle Einstellungen werden in {0} im Programmverzeichnis gespeichert.
CNC.Controls.WPF.g.en-US.resources:jobcontrol.baml,str_stop:System.String.$Content,None,True,True,,Stop
CNC.Controls.WPF.g.en-US.resources:thcmonitorcontrol.baml,str_ThcFlyout:System.String.$Content,None,True,True,,_THC monitor
CNC.Controls.WPF.g.en-US.resources:jobcontrol.baml,str_toolchanges:System.String.$Content,None,True,True,,"Auftrag hat {0} Werkzeugwechsel mit M6, nur wenige Grbl-Anschlüsse unterstützen dies."
CNC.Controls.WPF.g.en-US.resources:jobcontrol.baml,str_toolchangeTLO:System.String.$Content,None,True,True,,"Auftrag hat {0} Werkzeugwechsel, Werkzeuglängenbezug sollte vor dem Start hergestellt werden."
CNC.Controls.WPF.g.en-US.resources:sdcardview.baml,str_transferAborted:System.String.$Content,None,True,True,,Übertragung abgebrochen.
CNC.Controls.WPF.g.en-US.resources:jobcontrol.baml,str_transferComplete:System.String.$Content,None,True,True,,Transfer complete
CNC.Controls.WPF.g.en-US.resources:sdcardview.baml,str_transferDone:System.String.$Content,None,True,True,,Übertragung erledigt.
CNC.Controls.WPF.g.en-US.resources:sdcardview.baml,str_transferring:System.String.$Content,None,True,True,,{0} von {1} bytes übertragen...
CNC.Controls.WPF.g.en-US.resources:sdcardview.baml,str_uploading:System.String.$Content,None,True,True,,Hochladen...
CNC.Controls.WPF.g.en-US.resources:libstrings.baml,str_validateMax:System.String.$Content,None,True,True,,Ungültige Eingabe: Der maximal zulässige Wert ist {0}.
CNC.Controls.WPF.g.en-US.resources:libstrings.baml,str_validateMin:System.String.$Content,None,True,True,,Ungültige Eingabe: Der minimal zulässige Wert ist {0}.
CNC.Controls.WPF.g.en-US.resources:libstrings.baml,str_validateNotIP4:System.String.$Content,None,True,True,,Ungültige Eingabe: keine IP4-Adresse..
CNC.Controls.WPF.g.en-US.resources:libstrings.baml,str_validateRange:System.String.$Content,None,True,True,,Ungültige Eingabe: Der zulässige Bereich ist {0} - {1}.
CNC.Controls.WPF.g.en-US.resources:portdialog.baml,tab_network:System.Windows.Controls.HeaderedContentControl.Header,Label,True,True,,Netzwerk
CNC.Controls.WPF.g.en-US.resources:portdialog.baml,tab_serial:System.Windows.Controls.HeaderedContentControl.Header,Label,True,True,,Seriell
CNC.Controls.WPF.g.en-US.resources:outlinebasecontrol.baml,txt_line1:System.Windows.Documents.Run.Text,Text,True,True,,X und Y Programmgrenzen abfahren
CNC.Controls.WPF.g.en-US.resources:outlinebasecontrol.baml,txt_line2:System.Windows.Documents.Run.Text,Text,True,True,,"Sicherstellen, dass die Werkzeugspitze frei von Hindernissen ist!"
