CNC.Controls.Probing.g.en-US.resources:rotationcontrol.baml,btn_addPosition:System.Windows.Controls.ContentControl.Content,Button,True,True,,Додати _точку
CNC.Controls.Probing.g.en-US.resources:probingview.baml,btn_addProfile:System.Windows.Controls.ContentControl.Content,Button,True,True,,...
CNC.Controls.Probing.g.en-US.resources:heightmapcontrol.baml,btn_apply:System.Windows.Controls.ContentControl.Content,Button,True,True,,_Застосувати
CNC.Controls.Probing.g.en-US.resources:rotationcontrol.baml,btn_apply:System.Windows.Controls.ContentControl.Content,Button,True,True,,_Застосувати
CNC.Controls.Probing.g.en-US.resources:csselectcontrol.baml,btn_clear:System.Windows.Controls.ContentControl.Content,Button,True,True,,Очистити
CNC.Controls.Probing.g.en-US.resources:heightmapcontrol.baml,btn_fromLimits:System.Windows.Controls.ContentControl.Content,Button,True,True,,По границі обробки
CNC.Controls.Probing.g.en-US.resources:probingview.baml,btn_jog:System.Windows.Controls.ContentControl.Content,Button,True,True,,Переміщення клавіатурою
CNC.Controls.Probing.g.en-US.resources:probingview.baml,btn_jog:System.Windows.FrameworkElement.ToolTip,ToolTip,True,True,,Ctrl+Shift для активації
CNC.Controls.Probing.g.en-US.resources:heightmapcontrol.baml,btn_load:System.Windows.Controls.ContentControl.Content,Button,True,True,,_Завантажити
CNC.Controls.Probing.g.en-US.resources:heightmapcontrol.baml,btn_probe:System.Windows.Controls.ContentControl.Content,Button,True,True,,_Виміряти
CNC.Controls.Probing.g.en-US.resources:heightmapcontrol.baml,btn_save:System.Windows.Controls.ContentControl.Content,Button,True,True,,_Зберегти
CNC.Controls.Probing.g.en-US.resources:csselectcontrol.baml,btn_setG92:System.Windows.Controls.ContentControl.Content,RadioButton,True,True,,Зміщення (G92)
CNC.Controls.Probing.g.en-US.resources:csselectcontrol.baml,btn_setMeasure:System.Windows.Controls.ContentControl.Content,RadioButton,True,True,,Measure
CNC.Controls.Probing.g.en-US.resources:toollengthcontrol.baml,btn_start:System.Windows.Controls.ContentControl.Content,Button,True,True,,Старт
CNC.Controls.Probing.g.en-US.resources:heightmapcontrol.baml,btn_start:System.Windows.Controls.ContentControl.Content,Button,True,True,,Старт
CNC.Controls.Probing.g.en-US.resources:centerfindercontrol.baml,btn_start:System.Windows.Controls.ContentControl.Content,Button,True,True,,Старт
CNC.Controls.Probing.g.en-US.resources:edgefindercontrol.baml,btn_start:System.Windows.Controls.ContentControl.Content,Button,True,True,,Старт
CNC.Controls.Probing.g.en-US.resources:edgefinderintcontrol.baml,btn_start:System.Windows.Controls.ContentControl.Content,Button,True,True,,Старт
CNC.Controls.Probing.g.en-US.resources:rotationcontrol.baml,btn_start:System.Windows.Controls.ContentControl.Content,Button,True,True,,Старт
CNC.Controls.Probing.g.en-US.resources:centerfindercontrol.baml,btn_stop:System.Windows.Controls.ContentControl.Content,Button,True,True,,Стоп
CNC.Controls.Probing.g.en-US.resources:toollengthcontrol.baml,btn_stop:System.Windows.Controls.ContentControl.Content,Button,True,True,,Стоп
CNC.Controls.Probing.g.en-US.resources:heightmapcontrol.baml,btn_stop:System.Windows.Controls.ContentControl.Content,Button,True,True,,Стоп
CNC.Controls.Probing.g.en-US.resources:edgefindercontrol.baml,btn_stop:System.Windows.Controls.ContentControl.Content,Button,True,True,,Стоп
CNC.Controls.Probing.g.en-US.resources:rotationcontrol.baml,btn_stop:System.Windows.Controls.ContentControl.Content,Button,True,True,,Стоп
CNC.Controls.Probing.g.en-US.resources:edgefinderintcontrol.baml,btn_stop:System.Windows.Controls.ContentControl.Content,Button,True,True,,Стоп
CNC.Controls.Probing.g.en-US.resources:centerfindercontrol.baml,btn_useCamera:System.Windows.Controls.ContentControl.Content,Button,True,True,,Використати камеру.
CNC.Controls.Probing.g.en-US.resources:rotationcontrol.baml,chk_useX0Y0:System.Windows.Controls.ContentControl.Content,CheckBox,True,True,,"Центр X0,Y0"
CNC.Controls.Probing.g.en-US.resources:rotationcontrol.baml,chk_useXY:System.Windows.Controls.ContentControl.Content,CheckBox,True,True,,"Use X,Y"
CNC.Controls.Probing.g.en-US.resources:probingview.baml,fld_depth:CNC.Controls.NumericField.Label,None,False,True,,Глибина:
CNC.Controls.Probing.g.en-US.resources:probingview.baml,fld_depth:System.Windows.FrameworkElement.ToolTip,ToolTip,True,True,,Зміщення точки вимірювання по Z від поточної позіції.
CNC.Controls.Probing.g.en-US.resources:probingview.baml,fld_diameter:CNC.Controls.NumericField.Label,None,False,True,,Діаметр:
CNC.Controls.Probing.g.en-US.resources:rotationcontrol.baml,fld_distance:CNC.Controls.NumericField.Label,None,False,True,,Крок
CNC.Controls.Probing.g.en-US.resources:probingview.baml,fld_fixture:CNC.Controls.NumericField.Label,None,False,True,,Оснастка:
CNC.Controls.Probing.g.en-US.resources:probingview.baml,fld_offset:CNC.Controls.NumericField.Label,None,False,True,,Зміщення:
CNC.Controls.Probing.g.en-US.resources:probingview.baml,fld_offset:System.Windows.FrameworkElement.ToolTip,ToolTip,True,True,,Відстань від кута до зонда
CNC.Controls.Probing.g.en-US.resources:centerfindercontrol.baml,fld_passes:CNC.Controls.NumericField.Label,None,False,True,,Повторити:
CNC.Controls.Probing.g.en-US.resources:centerfindercontrol.baml,fld_passes:CNC.Controls.NumericField.Unit,None,False,True,,
CNC.Controls.Probing.g.en-US.resources:probingview.baml,fld_probeOffsetX:CNC.Controls.NumericField.Label,None,False,True,,X:
CNC.Controls.Probing.g.en-US.resources:probingview.baml,fld_probeOffsetX:System.Windows.FrameworkElement.ToolTip,ToolTip,True,True,,Зміщення по X зонда від інструмента 
CNC.Controls.Probing.g.en-US.resources:probingview.baml,fld_probeOffsetY:CNC.Controls.NumericField.Label,None,False,True,,Y:
CNC.Controls.Probing.g.en-US.resources:probingview.baml,fld_probeOffsetY:System.Windows.FrameworkElement.ToolTip,ToolTip,True,True,,Зміщення по Y зонда від інструмента
CNC.Controls.Probing.g.en-US.resources:probingview.baml,fld_touchPlate:CNC.Controls.NumericField.Label,None,False,True,,Контактна площадка:
CNC.Controls.Probing.g.en-US.resources:centerfindercontrol.baml,fld_xSize:CNC.Controls.NumericField.Label,None,False,True,,размер X:
CNC.Controls.Probing.g.en-US.resources:probingview.baml,fld_xyClearance:CNC.Controls.NumericField.Label,None,False,True,,Кліренс XY:
CNC.Controls.Probing.g.en-US.resources:probingview.baml,fld_xyClearance:CNC.Controls.NumericField.Tooltip2,None,False,True,,Початкова позиція далеко від поверхні вимірювання
CNC.Controls.Probing.g.en-US.resources:centerfindercontrol.baml,fld_ySize:CNC.Controls.NumericField.Label,None,False,True,,Размер Y:
CNC.Controls.Probing.g.en-US.resources:rotationcontrol.baml,grd_action:System.Windows.FrameworkElement.ToolTip,ToolTip,True,True,,Клікніть по границі для вибора операції вимірювання.
CNC.Controls.Probing.g.en-US.resources:edgefinderintcontrol.baml,grd_action:System.Windows.FrameworkElement.ToolTip,ToolTip,True,True,,"Клікніть по границі, куту або центру для вибора операції вимірювання."
CNC.Controls.Probing.g.en-US.resources:edgefindercontrol.baml,grd_action:System.Windows.FrameworkElement.ToolTip,ToolTip,True,True,,"Клікніть по границі, куту або центру для вибора операції вимірювання."
CNC.Controls.Probing.g.en-US.resources:centerfindercontrol.baml,grd_action:System.Windows.FrameworkElement.ToolTip,ToolTip,True,True,,Нажміть для вибора операції вимірювання.
CNC.Controls.Probing.g.en-US.resources:csselectcontrol.baml,grp_action:System.Windows.Controls.HeaderedContentControl.Header,Label,True,True,,Дія
CNC.Controls.Probing.g.en-US.resources:rotationcontrol.baml,grp_camera:System.Windows.Controls.HeaderedContentControl.Header,Label,True,True,,Камера
CNC.Controls.Probing.g.en-US.resources:probingview.baml,grp_clearances:System.Windows.Controls.HeaderedContentControl.Header,Label,True,True,,Кліренс зонда
CNC.Controls.Probing.g.en-US.resources:centerfindercontrol.baml,grp_dimensions:System.Windows.Controls.HeaderedContentControl.Header,Label,True,True,,Разміри заготовки
CNC.Controls.Probing.g.en-US.resources:probingview.baml,grp_distanceAndSpeed:System.Windows.Controls.HeaderedContentControl.Header,Label,True,True,,Дистанція і швидкість вимірювання
CNC.Controls.Probing.g.en-US.resources:heightmapcontrol.baml,grp_gridSize:System.Windows.Controls.HeaderedContentControl.Header,Label,True,True,,Розмір мережі
CNC.Controls.Probing.g.en-US.resources:centerfindercontrol.baml,grp_passes:System.Windows.Controls.HeaderedContentControl.Header,Label,True,True,,Кількість повторень
CNC.Controls.Probing.g.en-US.resources:centerfindercontrol.baml,grp_passes:System.Windows.FrameworkElement.ToolTip,ToolTip,True,True,,Зазвичай потрібно більше одного вимірювання для підвищення точності.
CNC.Controls.Probing.g.en-US.resources:probingview.baml,grp_prbeProperties:System.Windows.Controls.HeaderedContentControl.Header,Label,True,True,,Зміщення зонда по XY
CNC.Controls.Probing.g.en-US.resources:centerfindercontrol.baml,grp_preview:System.Windows.Controls.HeaderedContentControl.Header,Label,True,True,,Перед-перегляд
CNC.Controls.Probing.g.en-US.resources:heightmapcontrol.baml,grp_probeArea:System.Windows.Controls.HeaderedContentControl.Header,Label,True,True,,Область вимірювання
CNC.Controls.Probing.g.en-US.resources:configcontrol.baml,grp_probeConfig:System.Windows.Controls.HeaderedContentControl.Header,Label,True,True,,Вимірювання
CNC.Controls.Probing.g.en-US.resources:probingview.baml,grp_probeTipOrTool:System.Windows.Controls.HeaderedContentControl.Header,Label,True,True,,Виміряти кінець/інструмент
CNC.Controls.Probing.g.en-US.resources:rotationcontrol.baml,grp_RotationCenter:System.Windows.FrameworkElement.ToolTip,ToolTip,True,True,,"Нажміть для вибора центра повороту, якщо не выбрао поворот відносно X0,Y0."
CNC.Controls.Probing.g.en-US.resources:rotationcontrol.baml,grp_RotationCenter:System.Windows.Controls.HeaderedContentControl.Header,Label,True,True,,Центер поворота
CNC.Controls.Probing.g.en-US.resources:probingview.baml,grp_touchOrFixture:System.Windows.Controls.HeaderedContentControl.Header,Label,True,True,,Висота площадки/зонда
CNC.Controls.Probing.g.en-US.resources:rotationcontrol.baml,grp_workpiece:System.Windows.Controls.HeaderedContentControl.Header,Label,True,True,,Заготовка
CNC.Controls.Probing.g.en-US.resources:edgefinderintcontrol.baml,grp_workpiece:System.Windows.Controls.HeaderedContentControl.Header,Label,True,True,,Заготовка
CNC.Controls.Probing.g.en-US.resources:edgefindercontrol.baml,grp_workpiece:System.Windows.Controls.HeaderedContentControl.Header,Label,True,True,,Заготовка
CNC.Controls.Probing.g.en-US.resources:toollengthcontrol.baml,grp_workpiece:System.Windows.Controls.HeaderedContentControl.Header,Label,True,True,,Заготовка
CNC.Controls.Probing.g.en-US.resources:toollengthcontrol.baml,grp_workpieceOffset:System.Windows.Controls.HeaderedContentControl.Header,Label,True,True,,Зміщєння заготовки
CNC.Controls.Probing.g.en-US.resources:rotationcontrol.baml,grp_workpieceOffset:System.Windows.Controls.HeaderedContentControl.Header,Label,True,True,,Workpiece offset
CNC.Controls.Probing.g.en-US.resources:rotationcontrol.baml,hdr_preview:System.Windows.Controls.HeaderedContentControl.Header,Label,True,True,,Перед-перегляд
CNC.Controls.Probing.g.en-US.resources:toollengthcontrol.baml,lbl_addOffset:System.Windows.Controls.ContentControl.Content,CheckBox,True,True,,Додати зміщення
CNC.Controls.Probing.g.en-US.resources:rotationcontrol.baml,lbl_addOffset:System.Windows.Controls.ContentControl.Content,CheckBox,True,True,,"Determine X0,Y0 for right angled workpiece"
CNC.Controls.Probing.g.en-US.resources:rotationcontrol.baml,lbl_addOffset:System.Windows.FrameworkElement.ToolTip,ToolTip,True,True,,Adds a probe point on the left edge.
CNC.Controls.Probing.g.en-US.resources:configcontrol.baml,lbl_chkProbeConnected:System.Windows.Controls.ContentControl.Content,CheckBox,True,True,,Manually validate probe is connected
CNC.Controls.Probing.g.en-US.resources:configcontrol.baml,lbl_chkProbeConnected:System.Windows.FrameworkElement.ToolTip,ToolTip,True,True,,A dialog will be shown until the probe is asserted or the dialog is cancelled.
CNC.Controls.Probing.g.en-US.resources:configcontrol.baml,lbl_chkProbeStatus:System.Windows.Controls.ContentControl.Content,CheckBox,True,True,,Перевіряти стан щупа перед стартом (G59.3)
CNC.Controls.Probing.g.en-US.resources:configcontrol.baml,lbl_chkProbeStatus:System.Windows.FrameworkElement.ToolTip,ToolTip,True,True,,"Аварія будет активована контролером, у разі спрацювання не активованого щупа."
CNC.Controls.Probing.g.en-US.resources:toollengthcontrol.baml,lbl_clearToolOffset:System.Windows.Controls.ContentControl.Content,Button,True,True,,Відміна корекцію довжини
CNC.Controls.Probing.g.en-US.resources:edgefinderintcontrol.baml,lbl_height:CNC.Controls.NumericField.Label,None,False,True,,Висота
CNC.Controls.Probing.g.en-US.resources:edgefindercontrol.baml,lbl_height:CNC.Controls.NumericField.Label,None,False,True,,Висота
CNC.Controls.Probing.g.en-US.resources:heightmapcontrol.baml,lbl_height:CNC.Controls.NumericField.Label,None,False,True,,H:
CNC.Controls.Probing.g.en-US.resources:probingview.baml,lbl_latchDistance:CNC.Controls.NumericField.Label,None,False,True,,дистанція пошуку:
CNC.Controls.Probing.g.en-US.resources:probingview.baml,lbl_latchDistance:CNC.Controls.NumericField.Tooltip2,None,False,True,,Відстань відскоку для повторного повільного вимірювання. 0 для пропуска.
CNC.Controls.Probing.g.en-US.resources:probingview.baml,lbl_latchFeed:System.Windows.FrameworkElement.ToolTip,ToolTip,True,True,,"Подача другого, повільного руху вимірювання "
CNC.Controls.Probing.g.en-US.resources:probingview.baml,lbl_latchFeed:CNC.Controls.NumericField.Label,None,False,True,,Подача пошуку:
CNC.Controls.Probing.g.en-US.resources:probingview.baml,lbl_latchFeed:CNC.Controls.NumericField.Unit,None,False,True,,мм/хв
CNC.Controls.Probing.g.en-US.resources:heightmapcontrol.baml,lbl_lock:System.Windows.Controls.ContentControl.Content,CheckBox,True,True,,Зв'язати
CNC.Controls.Probing.g.en-US.resources:centerfindercontrol.baml,lbl_lock:System.Windows.FrameworkElement.ToolTip,ToolTip,True,True,,Розблокируйте та встановіть X або Y в 0 для вимірювання за однією віссю.
CNC.Controls.Probing.g.en-US.resources:centerfindercontrol.baml,lbl_lock:System.Windows.Controls.ContentControl.Content,CheckBox,True,True,,Зв'язати
CNC.Controls.Probing.g.en-US.resources:heightmapcontrol.baml,lbl_pause:System.Windows.Controls.ContentControl.Content,CheckBox,True,True,,Пауза перед виміром
CNC.Controls.Probing.g.en-US.resources:edgefinderintcontrol.baml,lbl_preview:System.Windows.Controls.ContentControl.Content,CheckBox,True,True,,Перед-перегляд
CNC.Controls.Probing.g.en-US.resources:rotationcontrol.baml,lbl_preview:System.Windows.Controls.ContentControl.Content,CheckBox,True,True,,Перед-перегляд
CNC.Controls.Probing.g.en-US.resources:edgefindercontrol.baml,lbl_preview:System.Windows.Controls.ContentControl.Content,CheckBox,True,True,,Перед-перегляд
CNC.Controls.Probing.g.en-US.resources:centerfindercontrol.baml,lbl_preview:System.Windows.Controls.ContentControl.Content,CheckBox,True,True,,Перед-перегляд
CNC.Controls.Probing.g.en-US.resources:toollengthcontrol.baml,lbl_probeFixture:System.Windows.Controls.ContentControl.Content,CheckBox,True,True,,Виміряти оснастку @ G59.3
CNC.Controls.Probing.g.en-US.resources:edgefindercontrol.baml,lbl_probeZ:System.Windows.Controls.ContentControl.Content,CheckBox,True,True,,Вимірювати по Z
CNC.Controls.Probing.g.en-US.resources:edgefinderintcontrol.baml,lbl_probeZ:System.Windows.Controls.ContentControl.Content,CheckBox,True,True,,Вимірювати по Z
CNC.Controls.Probing.g.en-US.resources:probingview.baml,lbl_probingDistance:CNC.Controls.NumericField.Label,None,False,True,,Дистанція вимірювання:
CNC.Controls.Probing.g.en-US.resources:probingview.baml,lbl_probingDistance:CNC.Controls.NumericField.Tooltip2,None,False,True,,Max. дистанція вимірювання
CNC.Controls.Probing.g.en-US.resources:probingview.baml,lbl_profile:System.Windows.Controls.ContentControl.Content,Label,True,True,,Профіль:
CNC.Controls.Probing.g.en-US.resources:probingview.baml,lbl_rapidsFeed:System.Windows.FrameworkElement.ToolTip,ToolTip,True,True,,Подача швидкого руху. 0 для використання налаштувань контролера
CNC.Controls.Probing.g.en-US.resources:probingview.baml,lbl_rapidsFeed:CNC.Controls.NumericField.Label,None,False,True,,Подача швидких перемещень:
CNC.Controls.Probing.g.en-US.resources:probingview.baml,lbl_rapidsFeed:CNC.Controls.NumericField.Unit,None,False,True,,мм/хв
CNC.Controls.Probing.g.en-US.resources:probingview.baml,lbl_searchFeed:CNC.Controls.NumericField.Unit,None,False,True,,мм/хв
CNC.Controls.Probing.g.en-US.resources:probingview.baml,lbl_searchFeed:System.Windows.FrameworkElement.ToolTip,ToolTip,True,True,,Подача для попереднього вимірювання
CNC.Controls.Probing.g.en-US.resources:probingview.baml,lbl_searchFeed:CNC.Controls.NumericField.Label,None,False,True,,Подача пошуку:
CNC.Controls.Probing.g.en-US.resources:toollengthcontrol.baml,lbl_setCoordOrOffset:System.Windows.Controls.ContentControl.Content,CheckBox,True,True,,Установка системы координат або зміщення
CNC.Controls.Probing.g.en-US.resources:toollengthcontrol.baml,lbl_setRefernecOffset:System.Windows.Controls.ContentControl.Content,CheckBox,True,True,,Встановити вихвдне зміщення
CNC.Controls.Probing.g.en-US.resources:heightmapcontrol.baml,lbl_setZ0AtX0Y0:System.Windows.Controls.ContentControl.Content,CheckBox,True,True,,Z = 0 і точці X0Y0:
CNC.Controls.Probing.g.en-US.resources:heightmapcontrol.baml,lbl_width:CNC.Controls.NumericField.Label,None,False,True,,W:
CNC.Controls.Probing.g.en-US.resources:toollengthcontrol.baml,lbl_withTool:System.Windows.Controls.ContentControl.Content,Label,True,True,,з інструментом:
CNC.Controls.Probing.g.en-US.resources:probingview.baml,mnu_add:System.Windows.Controls.HeaderedItemsControl.Header,Menu,True,True,,Додати
CNC.Controls.Probing.g.en-US.resources:probingview.baml,mnu_delete:System.Windows.Controls.HeaderedItemsControl.Header,Menu,True,True,,Видалити
CNC.Controls.Probing.g.en-US.resources:probingview.baml,mnu_update:System.Windows.Controls.HeaderedItemsControl.Header,Menu,True,True,,Обновити
CNC.Controls.Probing.g.en-US.resources:csselectcontrol.baml,set_coord:System.Windows.Controls.ContentControl.Content,RadioButton,True,True,,Система координат:
CNC.Controls.Probing.g.en-US.resources:probingview.baml,str_cameraPosition:System.String.$Content,None,True,True,,"Позиція камери {0}, X: {1}, Y: {2}"
CNC.Controls.Probing.g.en-US.resources:centerfindercontrol.baml,str_centerFinderClearance:System.String.$Content,None,True,True,,Кліренс вимірювання XY надто великий для деталі размером {0}.
CNC.Controls.Probing.g.en-US.resources:centerfindercontrol.baml,str_centerFinderCompleted:System.String.$Content,None,True,True,,"Вимірювання завершено: відстань X  {0}, відстань Y {1}."
CNC.Controls.Probing.g.en-US.resources:centerfindercontrol.baml,str_centerFinderFailed:System.String.$Content,None,True,True,,Помилка вимірювання
CNC.Controls.Probing.g.en-US.resources:centerfindercontrol.baml,str_centerFinderInitFailed:System.String.$Content,None,True,True,,Помилка ініціалізації!
CNC.Controls.Probing.g.en-US.resources:centerfindercontrol.baml,str_CenterFinderInstructions:System.String.$Content,None,True,True,,"Клікніть на зображенні, для вибора операції вимірювання.\\nУстановіть щуп приблизно над центром заготовки перед запуском."
CNC.Controls.Probing.g.en-US.resources:centerfindercontrol.baml,str_centerFinderPass:System.String.$Content,None,True,True,,"Вимірювання, прохід {0} из {1}..."
CNC.Controls.Probing.g.en-US.resources:centerfindercontrol.baml,str_centerFinderType:System.String.$Content,None,True,True,,Визначте тип вимірювання кліком на відповідному зображенні вище.
CNC.Controls.Probing.g.en-US.resources:centerfindercontrol.baml,str_centerFinderWpSize:System.String.$Content,None,True,True,,Размір заготовки {0} не може бути 0.
CNC.Controls.Probing.g.en-US.resources:edgefindercontrol.baml,str_edgeFinderCompleted:System.String.$Content,None,True,True,,Вимірювання завершено.
CNC.Controls.Probing.g.en-US.resources:edgefindercontrol.baml,str_edgeFinderFailed:System.String.$Content,None,True,True,,Помилка вимірювання
CNC.Controls.Probing.g.en-US.resources:edgefindercontrol.baml,str_edgeFinderInitFailed:System.String.$Content,None,True,True,,"Помилка вимірювання, позиція станка невідома."
CNC.Controls.Probing.g.en-US.resources:edgefindercontrol.baml,str_EdgeFinderInstructions:System.String.$Content,None,True,True,,"Клікніть по границі, куту або центру на зображенні, для вибора операції вимірювання.\\nПеремістіть щуп в позицию, що відмічено зеленою крапкою перед запуском."
CNC.Controls.Probing.g.en-US.resources:edgefindercontrol.baml,str_edgeFinderType:System.String.$Content,None,True,True,,Визначте грань або кут для вимірювання кліком на відповідній частині изображения вище.
CNC.Controls.Probing.g.en-US.resources:edgefinderintcontrol.baml,str_edgeIntFinderCompleted:System.String.$Content,None,True,True,,Вимірювання завершено.
CNC.Controls.Probing.g.en-US.resources:edgefinderintcontrol.baml,str_edgeIntFinderFailed:System.String.$Content,None,True,True,,Помилка вимірювання
CNC.Controls.Probing.g.en-US.resources:edgefinderintcontrol.baml,str_edgeIntFinderInitFailed:System.String.$Content,None,True,True,,"Помилка вимірювання, позиція станка невідома."
CNC.Controls.Probing.g.en-US.resources:edgefinderintcontrol.baml,str_edgeIntFinderInstructions:System.String.$Content,None,True,True,,"Клікніть по границі, куту або центру на зображенні, для вибора операції вимірювання.\\nПеремістіть щуп в позицию, що відмічено зеленою крапкою перед запуском."
CNC.Controls.Probing.g.en-US.resources:edgefinderintcontrol.baml,str_edgeIntFinderType:System.String.$Content,None,True,True,,Визначте грань або кут для вимірювання кліком на відповідній частині изображения вище.
CNC.Controls.Probing.g.en-US.resources:heightmapcontrol.baml,str_heightMapCompleted:System.String.$Content,None,True,True,,"Вимірювання завершено: Z min: {0}, Z max: {1}."
CNC.Controls.Probing.g.en-US.resources:heightmapcontrol.baml,str_heightMapFailed:System.String.$Content,None,True,True,,Помилка вимірювання
CNC.Controls.Probing.g.en-US.resources:heightmapcontrol.baml,str_heightMapInstructions:System.String.$Content,None,True,True,,"Швидке переміщенння в X0Y0 перед началом вимірювання мапи висот.\\nПереконайтесь, шо позиція по Z в положенні вільному від завад."
CNC.Controls.Probing.g.en-US.resources:heightmapcontrol.baml,str_heightMapPointOf:System.String.$Content,None,True,True,,Probing point {0} of {1}...
CNC.Controls.Probing.g.en-US.resources:probingview.baml,str_jogActive:System.String.$Content,None,True,True,,Переміщення клавіатурою включене
CNC.Controls.Probing.g.en-US.resources:probingview.baml,str_jogDisabled:System.String.$Content,None,True,True,,Переміщення клавіатурою вимкнено
CNC.Controls.Probing.g.en-US.resources:centerfindercontrol.baml,str_positionsRequired:System.String.$Content,None,True,True,,Необхідно задати {0} точок вимірювання.
CNC.Controls.Probing.g.en-US.resources:probeverify.baml,str_probeVerify:System.Windows.Controls.ContentControl.Content,Label,True,True,,Assert probe to verify connection.
CNC.Controls.Probing.g.en-US.resources:libstrings.baml,str_probing:System.String.$Content,None,True,True,,Вимірювання...
CNC.Controls.Probing.g.en-US.resources:libstrings.baml,str_probingDistanceError:System.String.$Content,None,True,True,,Дистанція вимірювання повинна бути білтша за Кліренс XY + ½ діаметра щупа.
CNC.Controls.Probing.g.en-US.resources:libstrings.baml,str_probingFailedAlarm:System.String.$Content,None,True,True,,"Аварія при вимірюванні, скиньте аварію на вкладинці Grbl."
CNC.Controls.Probing.g.en-US.resources:libstrings.baml,str_probingFailedCancelled:System.String.$Content,None,True,True,,Вимірювання прервано/помилка.
CNC.Controls.Probing.g.en-US.resources:libstrings.baml,str_probingHeigthMapMinSize:System.String.$Content,None,True,True,,Мапа висот повинна складатись мінімум з 4 точок.
CNC.Controls.Probing.g.en-US.resources:libstrings.baml,str_probingHeigthMapNarrow:System.String.$Content,None,True,True,,Мапа висот не може бути нескінченно вузькю.
CNC.Controls.Probing.g.en-US.resources:libstrings.baml,str_probingIllegalPosition:System.String.$Content,None,True,True,,"Невірна позиція зонда, спробуйте іньшу."
CNC.Controls.Probing.g.en-US.resources:libstrings.baml,str_probingLatchDistanceError:System.String.$Content,None,True,True,,Дистанція пошуку повинна бути меньша за дистанцію вимірювання.
CNC.Controls.Probing.g.en-US.resources:libstrings.baml,str_probingNoPos:System.String.$Content,None,True,True,,"Помилка вимірювання, позиція станка невідома."
CNC.Controls.Probing.g.en-US.resources:libstrings.baml,str_probingNoProbe:System.String.$Content,None,True,True,,"Помилка вимірювання, зонд не подключений."
CNC.Controls.Probing.g.en-US.resources:libstrings.baml,str_probingNotIdle:System.String.$Content,None,True,True,,"Помилка вимірювання, Grbl не в режимі ГОТОВ або зміна інструмента."
CNC.Controls.Probing.g.en-US.resources:libstrings.baml,str_probingNoVerifyContinue:System.String.$Content,None,True,True,,"Probe connection was not verified, continue anyway?"
CNC.Controls.Probing.g.en-US.resources:libstrings.baml,str_probingProbeAsserted:System.String.$Content,None,True,True,,"Помилка вимірювання, неочікуваний сигнал від зонда."
CNC.Controls.Probing.g.en-US.resources:libstrings.baml,str_probingProbingAtX0Y0:System.String.$Content,None,True,True,,Probing @X0Y0...
CNC.Controls.Probing.g.en-US.resources:libstrings.baml,str_probingRadiusArcs:System.String.$Content,None,True,True,,GCode містить дуги у площині XZ або YZ (G18/19). Трансляція неможлива. Використовуйте &apos;Arcs to Lines&apos; за потреби трансляції.
CNC.Controls.Probing.g.en-US.resources:libstrings.baml,str_probingVerifyStart:System.String.$Content,None,True,True,,Press [Start] again to start probing.
CNC.Controls.Probing.g.en-US.resources:rotationcontrol.baml,str_rotationCompleted:System.String.$Content,None,True,True,,Вимірювання завершено.
CNC.Controls.Probing.g.en-US.resources:rotationcontrol.baml,str_rotationFailed:System.String.$Content,None,True,True,,Помилка вимірювання
CNC.Controls.Probing.g.en-US.resources:rotationcontrol.baml,str_rotationInitFailed:System.String.$Content,None,True,True,,Кут: {0} град
CNC.Controls.Probing.g.en-US.resources:rotationcontrol.baml,str_rotationInstructions:System.String.$Content,None,True,True,,"Клікніть по границі на зображенні, для вибора операції вимірювання.\\nПеремістіть щуп в позицию, що відмічено зеленою крапкою перед запуском."
CNC.Controls.Probing.g.en-US.resources:rotationcontrol.baml,str_rotationType:System.String.$Content,None,True,True,,Визначте грань для вимірювання кліком на відповідній частині изображения вище.
CNC.Controls.Probing.g.en-US.resources:probingview.baml,str_runMacro:System.String.$Content,None,True,True,,Виконати макрос {0}?
CNC.Controls.Probing.g.en-US.resources:toollengthcontrol.baml,str_toolLengthCompleted:System.String.$Content,None,True,True,,Вимірювання завершено.
CNC.Controls.Probing.g.en-US.resources:toollengthcontrol.baml,str_toolLengthFailed:System.String.$Content,None,True,True,,Помилка вимірювання
CNC.Controls.Probing.g.en-US.resources:toollengthcontrol.baml,str_toolLengthInitFailed:System.String.$Content,None,True,True,,Вісь необхідно базувати перед вимірюванням оснастки!
CNC.Controls.Probing.g.en-US.resources:probingview.baml,tab_Center:System.Windows.Controls.HeaderedContentControl.Header,Label,True,True,,Пошук центра
CNC.Controls.Probing.g.en-US.resources:probingview.baml,tab_edgeExternal:System.Windows.Controls.HeaderedContentControl.Header,Label,True,True,,Внутрішній край
CNC.Controls.Probing.g.en-US.resources:probingview.baml,tab_edgeInternal:System.Windows.Controls.HeaderedContentControl.Header,Label,True,True,,Зовнішний край
CNC.Controls.Probing.g.en-US.resources:probingview.baml,tab_heightmap:System.Windows.Controls.HeaderedContentControl.Header,Label,True,True,,Мапа висот
CNC.Controls.Probing.g.en-US.resources:probingview.baml,tab_Rotation:System.Windows.Controls.HeaderedContentControl.Header,Label,True,True,,Поворот
CNC.Controls.Probing.g.en-US.resources:probingview.baml,tab_toolOffset:System.Windows.Controls.HeaderedContentControl.Header,Label,True,True,,Корекція інструмента
CNC.Controls.Probing.g.en-US.resources:probingview.baml,txt_warning:System.Windows.Documents.Run.Text,Text,True,True,,Увага! Використовуйте обережно - невірні параметри можуть призвести до пошкодження зонда!
