CNC.Controls.Probing.g.en-US.resources:macrodialog.baml,btn_actionMenu:System.Windows.FrameworkElement.ToolTip,ToolTip,True,True,,Click for actions menu.
CNC.Controls.Probing.g.en-US.resources:macrodialog.baml,btn_actionMenu:System.Windows.Controls.ContentControl.Content,Button,True,True,,Resources\\menu_22x22.png
CNC.Controls.Probing.g.en-US.resources:rotationcontrol.baml,btn_addPosition:System.Windows.Controls.ContentControl.Content,Button,True,True,,Добавиь _точку
CNC.Controls.Probing.g.en-US.resources:probingview.baml,btn_addProfile:System.Windows.Controls.ContentControl.Content,Button,True,True,,...
CNC.Controls.Probing.g.en-US.resources:heightmapcontrol.baml,btn_apply:System.Windows.Controls.ContentControl.Content,Button,True,True,,_Применить
CNC.Controls.Probing.g.en-US.resources:rotationcontrol.baml,btn_apply:System.Windows.Controls.ContentControl.Content,Button,True,True,,_Применить
CNC.Controls.Probing.g.en-US.resources:csselectcontrol.baml,btn_clear:System.Windows.Controls.ContentControl.Content,Button,True,True,,Очистить
CNC.Controls.Probing.g.en-US.resources:macrodialog.baml,btn_close:System.Windows.Controls.ContentControl.Content,Button,True,True,,Закрыть
CNC.Controls.Probing.g.en-US.resources:heightmapcontrol.baml,btn_fromLimits:System.Windows.Controls.ContentControl.Content,Button,True,True,,По границе обработки
CNC.Controls.Probing.g.en-US.resources:probingview.baml,btn_jog:System.Windows.Controls.ContentControl.Content,Button,True,True,,Перемещение клавиатурой
CNC.Controls.Probing.g.en-US.resources:probingview.baml,btn_jog:System.Windows.FrameworkElement.ToolTip,ToolTip,True,True,,Ctrl+Shift для активации
CNC.Controls.Probing.g.en-US.resources:heightmapcontrol.baml,btn_load:System.Windows.Controls.ContentControl.Content,Button,True,True,,_Загрузить
CNC.Controls.Probing.g.en-US.resources:heightmapcontrol.baml,btn_probe:System.Windows.Controls.ContentControl.Content,Button,True,True,,_Измерить
CNC.Controls.Probing.g.en-US.resources:heightmapcontrol.baml,btn_save:System.Windows.Controls.ContentControl.Content,Button,True,True,,_Сохранить
CNC.Controls.Probing.g.en-US.resources:csselectcontrol.baml,btn_setG92:System.Windows.Controls.ContentControl.Content,RadioButton,True,True,,Смещение (G92)
CNC.Controls.Probing.g.en-US.resources:csselectcontrol.baml,btn_setMeasure:System.Windows.Controls.ContentControl.Content,RadioButton,True,True,,Measure
CNC.Controls.Probing.g.en-US.resources:toollengthcontrol.baml,btn_start:System.Windows.Controls.ContentControl.Content,Button,True,True,,Старт
CNC.Controls.Probing.g.en-US.resources:heightmapcontrol.baml,btn_start:System.Windows.Controls.ContentControl.Content,Button,True,True,,Старт
CNC.Controls.Probing.g.en-US.resources:centerfindercontrol.baml,btn_start:System.Windows.Controls.ContentControl.Content,Button,True,True,,Старт
CNC.Controls.Probing.g.en-US.resources:edgefindercontrol.baml,btn_start:System.Windows.Controls.ContentControl.Content,Button,True,True,,Старт
CNC.Controls.Probing.g.en-US.resources:edgefinderintcontrol.baml,btn_start:System.Windows.Controls.ContentControl.Content,Button,True,True,,Старт
CNC.Controls.Probing.g.en-US.resources:rotationcontrol.baml,btn_start:System.Windows.Controls.ContentControl.Content,Button,True,True,,Старт
CNC.Controls.Probing.g.en-US.resources:centerfindercontrol.baml,btn_stop:System.Windows.Controls.ContentControl.Content,Button,True,True,,Стоп
CNC.Controls.Probing.g.en-US.resources:toollengthcontrol.baml,btn_stop:System.Windows.Controls.ContentControl.Content,Button,True,True,,Стоп
CNC.Controls.Probing.g.en-US.resources:heightmapcontrol.baml,btn_stop:System.Windows.Controls.ContentControl.Content,Button,True,True,,Стоп
CNC.Controls.Probing.g.en-US.resources:edgefindercontrol.baml,btn_stop:System.Windows.Controls.ContentControl.Content,Button,True,True,,Стоп
CNC.Controls.Probing.g.en-US.resources:rotationcontrol.baml,btn_stop:System.Windows.Controls.ContentControl.Content,Button,True,True,,Стоп
CNC.Controls.Probing.g.en-US.resources:edgefinderintcontrol.baml,btn_stop:System.Windows.Controls.ContentControl.Content,Button,True,True,,Стоп
CNC.Controls.Probing.g.en-US.resources:centerfindercontrol.baml,btn_useCamera:System.Windows.Controls.ContentControl.Content,Button,True,True,,Использовать камеру.
CNC.Controls.Probing.g.en-US.resources:macrodialog.baml,chk_runonce:System.Windows.Controls.ContentControl.Content,CheckBox,True,True,,Run once
CNC.Controls.Probing.g.en-US.resources:rotationcontrol.baml,chk_useX0Y0:System.Windows.Controls.ContentControl.Content,CheckBox,True,True,,"Центр X0,Y0"
CNC.Controls.Probing.g.en-US.resources:rotationcontrol.baml,chk_useXY:System.Windows.Controls.ContentControl.Content,CheckBox,True,True,,"Use X,Y"
CNC.Controls.Probing.g.en-US.resources:macrodialog.baml,dlg_probingMacros:System.Windows.Window.Title,Title,True,True,,Probing macros
CNC.Controls.Probing.g.en-US.resources:probingview.baml,fld_depth:CNC.Controls.NumericField.Label,None,False,True,,Глубина:
CNC.Controls.Probing.g.en-US.resources:probingview.baml,fld_depth:System.Windows.FrameworkElement.ToolTip,ToolTip,True,True,,Смещение места измерения по Z от текущей позиции.
CNC.Controls.Probing.g.en-US.resources:probingview.baml,fld_diameter:CNC.Controls.NumericField.Label,None,False,True,,Диаметр:
CNC.Controls.Probing.g.en-US.resources:rotationcontrol.baml,fld_distance:CNC.Controls.NumericField.Label,None,False,True,,Шаг
CNC.Controls.Probing.g.en-US.resources:probingview.baml,fld_fixture:CNC.Controls.NumericField.Label,None,False,True,,Оснастка:
CNC.Controls.Probing.g.en-US.resources:probingview.baml,fld_offset:CNC.Controls.NumericField.Label,None,False,True,,Смещение:
CNC.Controls.Probing.g.en-US.resources:probingview.baml,fld_offset:System.Windows.FrameworkElement.ToolTip,ToolTip,True,True,,Расстояние от угла до датчика
CNC.Controls.Probing.g.en-US.resources:centerfindercontrol.baml,fld_passes:CNC.Controls.NumericField.Label,None,False,True,,Проходов:
CNC.Controls.Probing.g.en-US.resources:centerfindercontrol.baml,fld_passes:CNC.Controls.NumericField.Unit,None,False,True,,
CNC.Controls.Probing.g.en-US.resources:probingview.baml,fld_probeOffsetX:CNC.Controls.NumericField.Label,None,False,True,,X:
CNC.Controls.Probing.g.en-US.resources:probingview.baml,fld_probeOffsetX:System.Windows.FrameworkElement.ToolTip,ToolTip,True,True,,Смещение по X датчика от инструмента 
CNC.Controls.Probing.g.en-US.resources:probingview.baml,fld_probeOffsetY:CNC.Controls.NumericField.Label,None,False,True,,Y:
CNC.Controls.Probing.g.en-US.resources:probingview.baml,fld_probeOffsetY:System.Windows.FrameworkElement.ToolTip,ToolTip,True,True,,Смещение по Y датчика от инструмента 
CNC.Controls.Probing.g.en-US.resources:probingview.baml,fld_touchPlate:CNC.Controls.NumericField.Label,None,False,True,,Контактная площадка:
CNC.Controls.Probing.g.en-US.resources:centerfindercontrol.baml,fld_xSize:CNC.Controls.NumericField.Label,None,False,True,,размер X:
CNC.Controls.Probing.g.en-US.resources:probingview.baml,fld_xyClearance:CNC.Controls.NumericField.Label,None,False,True,,Зазор XY:
CNC.Controls.Probing.g.en-US.resources:probingview.baml,fld_xyClearance:CNC.Controls.NumericField.Tooltip2,None,False,True,,Начальное расстояние далеко от поверхности измерения
CNC.Controls.Probing.g.en-US.resources:centerfindercontrol.baml,fld_ySize:CNC.Controls.NumericField.Label,None,False,True,,Размер Y:
CNC.Controls.Probing.g.en-US.resources:rotationcontrol.baml,grd_action:System.Windows.FrameworkElement.ToolTip,ToolTip,True,True,,Щелкните по границе для выбора операции измерения.
CNC.Controls.Probing.g.en-US.resources:edgefinderintcontrol.baml,grd_action:System.Windows.FrameworkElement.ToolTip,ToolTip,True,True,,"Щелкните по границе, углу или центру для выбора операции измерения."
CNC.Controls.Probing.g.en-US.resources:edgefindercontrol.baml,grd_action:System.Windows.FrameworkElement.ToolTip,ToolTip,True,True,,"Щелкните по границе, углу или центру для выбора операции измерения."
CNC.Controls.Probing.g.en-US.resources:centerfindercontrol.baml,grd_action:System.Windows.FrameworkElement.ToolTip,ToolTip,True,True,,Нажмите для выбора операции измерения.
CNC.Controls.Probing.g.en-US.resources:csselectcontrol.baml,grp_action:System.Windows.Controls.HeaderedContentControl.Header,Label,True,True,,Действие
CNC.Controls.Probing.g.en-US.resources:rotationcontrol.baml,grp_camera:System.Windows.Controls.HeaderedContentControl.Header,Label,True,True,,Камера
CNC.Controls.Probing.g.en-US.resources:probingview.baml,grp_clearances:System.Windows.Controls.HeaderedContentControl.Header,Label,True,True,,Зазор датчика
CNC.Controls.Probing.g.en-US.resources:centerfindercontrol.baml,grp_dimensions:System.Windows.Controls.HeaderedContentControl.Header,Label,True,True,,Размеры заготовки
CNC.Controls.Probing.g.en-US.resources:probingview.baml,grp_distanceAndSpeed:System.Windows.Controls.HeaderedContentControl.Header,Label,True,True,,Дистанция и скорость измерения
CNC.Controls.Probing.g.en-US.resources:heightmapcontrol.baml,grp_gridSize:System.Windows.Controls.HeaderedContentControl.Header,Label,True,True,,Размер сетки
CNC.Controls.Probing.g.en-US.resources:centerfindercontrol.baml,grp_passes:System.Windows.Controls.HeaderedContentControl.Header,Label,True,True,,Кол-во повторов
CNC.Controls.Probing.g.en-US.resources:centerfindercontrol.baml,grp_passes:System.Windows.FrameworkElement.ToolTip,ToolTip,True,True,,Для получения точного замера обычно необходимо более одного измерения.
CNC.Controls.Probing.g.en-US.resources:probingview.baml,grp_prbeProperties:System.Windows.Controls.HeaderedContentControl.Header,Label,True,True,,Смещение датчика по XY
CNC.Controls.Probing.g.en-US.resources:centerfindercontrol.baml,grp_preview:System.Windows.Controls.HeaderedContentControl.Header,Label,True,True,,Предпросмотр
CNC.Controls.Probing.g.en-US.resources:heightmapcontrol.baml,grp_probeArea:System.Windows.Controls.HeaderedContentControl.Header,Label,True,True,,Область измерения
CNC.Controls.Probing.g.en-US.resources:configcontrol.baml,grp_probeConfig:System.Windows.Controls.HeaderedContentControl.Header,Label,True,True,,Измерение
CNC.Controls.Probing.g.en-US.resources:probingview.baml,grp_probeTipOrTool:System.Windows.Controls.HeaderedContentControl.Header,Label,True,True,,Замер конца/инструмента
CNC.Controls.Probing.g.en-US.resources:rotationcontrol.baml,grp_RotationCenter:System.Windows.FrameworkElement.ToolTip,ToolTip,True,True,,"Нажмите для выбора центра поворота, если не выбран поворот относительно X0,Y0."
CNC.Controls.Probing.g.en-US.resources:rotationcontrol.baml,grp_RotationCenter:System.Windows.Controls.HeaderedContentControl.Header,Label,True,True,,Центр поворота
CNC.Controls.Probing.g.en-US.resources:probingview.baml,grp_touchOrFixture:System.Windows.Controls.HeaderedContentControl.Header,Label,True,True,,Высота площадки/датчика
CNC.Controls.Probing.g.en-US.resources:rotationcontrol.baml,grp_workpiece:System.Windows.Controls.HeaderedContentControl.Header,Label,True,True,,Заготовка
CNC.Controls.Probing.g.en-US.resources:edgefinderintcontrol.baml,grp_workpiece:System.Windows.Controls.HeaderedContentControl.Header,Label,True,True,,Заготовка
CNC.Controls.Probing.g.en-US.resources:edgefindercontrol.baml,grp_workpiece:System.Windows.Controls.HeaderedContentControl.Header,Label,True,True,,Заготовка
CNC.Controls.Probing.g.en-US.resources:toollengthcontrol.baml,grp_workpiece:System.Windows.Controls.HeaderedContentControl.Header,Label,True,True,,Заготовка
CNC.Controls.Probing.g.en-US.resources:toollengthcontrol.baml,grp_workpieceOffset:System.Windows.Controls.HeaderedContentControl.Header,Label,True,True,,Смещение заготовки
CNC.Controls.Probing.g.en-US.resources:rotationcontrol.baml,grp_workpieceOffset:System.Windows.Controls.HeaderedContentControl.Header,Label,True,True,,Workpiece offset
CNC.Controls.Probing.g.en-US.resources:rotationcontrol.baml,hdr_preview:System.Windows.Controls.HeaderedContentControl.Header,Label,True,True,,Предпросмотр
CNC.Controls.Probing.g.en-US.resources:toollengthcontrol.baml,lbl_addOffset:System.Windows.Controls.ContentControl.Content,CheckBox,True,True,,Добавить смещение
CNC.Controls.Probing.g.en-US.resources:rotationcontrol.baml,lbl_addOffset:System.Windows.FrameworkElement.ToolTip,ToolTip,True,True,,Adds a probe point on the left edge.
CNC.Controls.Probing.g.en-US.resources:rotationcontrol.baml,lbl_addOffset:System.Windows.Controls.ContentControl.Content,CheckBox,True,True,,"Determine X0,Y0 for right angled workpiece"
CNC.Controls.Probing.g.en-US.resources:configcontrol.baml,lbl_chkProbeConnected:System.Windows.Controls.ContentControl.Content,CheckBox,True,True,,Manually validate probe is connected
CNC.Controls.Probing.g.en-US.resources:configcontrol.baml,lbl_chkProbeConnected:System.Windows.FrameworkElement.ToolTip,ToolTip,True,True,,A dialog will be shown until the probe is asserted or the dialog is cancelled.
CNC.Controls.Probing.g.en-US.resources:configcontrol.baml,lbl_chkProbeStatus:System.Windows.Controls.ContentControl.Content,CheckBox,True,True,,Проверять состояние датчика перед стартом (G59.3)
CNC.Controls.Probing.g.en-US.resources:configcontrol.baml,lbl_chkProbeStatus:System.Windows.FrameworkElement.ToolTip,ToolTip,True,True,,"Авария будет активирована контроллером, при срабатвании не активного датчика."
CNC.Controls.Probing.g.en-US.resources:toollengthcontrol.baml,lbl_clearToolOffset:System.Windows.Controls.ContentControl.Content,Button,True,True,,Отменить коррекцию длинны
CNC.Controls.Probing.g.en-US.resources:edgefindercontrol.baml,lbl_edgeoffsetxy:System.Windows.FrameworkElement.ToolTip,ToolTip,True,True,,Set to 0 to use 0.5 x probe/tool diameter
CNC.Controls.Probing.g.en-US.resources:edgefinderintcontrol.baml,lbl_edgeoffsetxy:System.Windows.FrameworkElement.ToolTip,ToolTip,True,True,,Set to 0 to use 0.5 x probe/tool diameter
CNC.Controls.Probing.g.en-US.resources:edgefindercontrol.baml,lbl_edgeoffsetxy:CNC.Controls.NumericField.Label,None,False,True,,Edge offset:
CNC.Controls.Probing.g.en-US.resources:edgefinderintcontrol.baml,lbl_edgeoffsetxy:CNC.Controls.NumericField.Label,None,False,True,,Edge offset:
CNC.Controls.Probing.g.en-US.resources:toollengthcontrol.baml,lbl_height:CNC.Controls.NumericField.Label,None,False,True,,Высота:
CNC.Controls.Probing.g.en-US.resources:edgefinderintcontrol.baml,lbl_height:CNC.Controls.NumericField.Label,None,False,True,,Высота:
CNC.Controls.Probing.g.en-US.resources:edgefindercontrol.baml,lbl_height:CNC.Controls.NumericField.Label,None,False,True,,Высота:
CNC.Controls.Probing.g.en-US.resources:heightmapcontrol.baml,lbl_height:CNC.Controls.NumericField.Label,None,False,True,,H:
CNC.Controls.Probing.g.en-US.resources:probingview.baml,lbl_latchDistance:CNC.Controls.NumericField.Label,None,False,True,,Дистанция поиска:
CNC.Controls.Probing.g.en-US.resources:probingview.baml,lbl_latchDistance:CNC.Controls.NumericField.Tooltip2,None,False,True,,Расстояние отскока для повторного медленного измерения. 0 для пропуска.
CNC.Controls.Probing.g.en-US.resources:probingview.baml,lbl_latchFeed:System.Windows.FrameworkElement.ToolTip,ToolTip,True,True,,Подача при повторном точном измерении 
CNC.Controls.Probing.g.en-US.resources:probingview.baml,lbl_latchFeed:CNC.Controls.NumericField.Label,None,False,True,,Подача поиска:
CNC.Controls.Probing.g.en-US.resources:probingview.baml,lbl_latchFeed:CNC.Controls.NumericField.Unit,None,False,True,,мм/мин
CNC.Controls.Probing.g.en-US.resources:heightmapcontrol.baml,lbl_lock:System.Windows.Controls.ContentControl.Content,CheckBox,True,True,,Связать
CNC.Controls.Probing.g.en-US.resources:centerfindercontrol.baml,lbl_lock:System.Windows.FrameworkElement.ToolTip,ToolTip,True,True,,Разблокируйте и установите X или Y в 0 для измерения по одной оси.
CNC.Controls.Probing.g.en-US.resources:centerfindercontrol.baml,lbl_lock:System.Windows.Controls.ContentControl.Content,CheckBox,True,True,,Связать
CNC.Controls.Probing.g.en-US.resources:heightmapcontrol.baml,lbl_pause:System.Windows.Controls.ContentControl.Content,CheckBox,True,True,,Пауза перед замером
CNC.Controls.Probing.g.en-US.resources:macrodialog.baml,lbl_postjobmacro:System.Windows.Controls.ContentControl.Content,Label,True,True,,Post job:
CNC.Controls.Probing.g.en-US.resources:macrodialog.baml,lbl_prejobmacro:System.Windows.Controls.ContentControl.Content,Label,True,True,,Pre job:
CNC.Controls.Probing.g.en-US.resources:edgefinderintcontrol.baml,lbl_preview:System.Windows.Controls.ContentControl.Content,CheckBox,True,True,,Предпросмотр
CNC.Controls.Probing.g.en-US.resources:rotationcontrol.baml,lbl_preview:System.Windows.Controls.ContentControl.Content,CheckBox,True,True,,Предпросмотр
CNC.Controls.Probing.g.en-US.resources:edgefindercontrol.baml,lbl_preview:System.Windows.Controls.ContentControl.Content,CheckBox,True,True,,Предпросмотр
CNC.Controls.Probing.g.en-US.resources:centerfindercontrol.baml,lbl_preview:System.Windows.Controls.ContentControl.Content,CheckBox,True,True,,Предпросмотр
CNC.Controls.Probing.g.en-US.resources:toollengthcontrol.baml,lbl_probeFixture:System.Windows.Controls.ContentControl.Content,CheckBox,True,True,,Измерить оснастку @ G59.3
CNC.Controls.Probing.g.en-US.resources:edgefindercontrol.baml,lbl_probeZ:System.Windows.Controls.ContentControl.Content,CheckBox,True,True,,Измерять по Z
CNC.Controls.Probing.g.en-US.resources:edgefinderintcontrol.baml,lbl_probeZ:System.Windows.Controls.ContentControl.Content,CheckBox,True,True,,Измерять по Z
CNC.Controls.Probing.g.en-US.resources:probingview.baml,lbl_probingDistance:CNC.Controls.NumericField.Label,None,False,True,,Дистанция измерения:
CNC.Controls.Probing.g.en-US.resources:probingview.baml,lbl_probingDistance:CNC.Controls.NumericField.Tooltip2,None,False,True,,Max. дистанция измерения
CNC.Controls.Probing.g.en-US.resources:probingview.baml,lbl_profile:System.Windows.Controls.ContentControl.Content,Label,True,True,,Профиль:
CNC.Controls.Probing.g.en-US.resources:probingview.baml,lbl_rapidsFeed:System.Windows.FrameworkElement.ToolTip,ToolTip,True,True,,"Подача быстрых перемещений, установите в 0 для использования установок контроллера"
CNC.Controls.Probing.g.en-US.resources:probingview.baml,lbl_rapidsFeed:CNC.Controls.NumericField.Label,None,False,True,,Подача быстрых перемещений :
CNC.Controls.Probing.g.en-US.resources:probingview.baml,lbl_rapidsFeed:CNC.Controls.NumericField.Unit,None,False,True,,мм/мин
CNC.Controls.Probing.g.en-US.resources:probingview.baml,lbl_searchFeed:CNC.Controls.NumericField.Unit,None,False,True,,мм/мин
CNC.Controls.Probing.g.en-US.resources:probingview.baml,lbl_searchFeed:System.Windows.FrameworkElement.ToolTip,ToolTip,True,True,,Подача для предварительного измерения
CNC.Controls.Probing.g.en-US.resources:probingview.baml,lbl_searchFeed:CNC.Controls.NumericField.Label,None,False,True,,Подача поиска:
CNC.Controls.Probing.g.en-US.resources:toollengthcontrol.baml,lbl_setCoordOrOffset:System.Windows.Controls.ContentControl.Content,CheckBox,True,True,,Установка системы координат или смещения
CNC.Controls.Probing.g.en-US.resources:toollengthcontrol.baml,lbl_setRefernecOffset:System.Windows.Controls.ContentControl.Content,CheckBox,True,True,,Установить образцовое смещение
CNC.Controls.Probing.g.en-US.resources:heightmapcontrol.baml,lbl_setZ0AtX0Y0:System.Windows.Controls.ContentControl.Content,CheckBox,True,True,,Z = 0 в точке X0Y0:
CNC.Controls.Probing.g.en-US.resources:heightmapcontrol.baml,lbl_width:CNC.Controls.NumericField.Label,None,False,True,,W:
CNC.Controls.Probing.g.en-US.resources:toollengthcontrol.baml,lbl_withTool:System.Windows.Controls.ContentControl.Content,Label,True,True,,с инструментом:
CNC.Controls.Probing.g.en-US.resources:probingview.baml,mnu_add:System.Windows.Controls.HeaderedItemsControl.Header,Menu,True,True,,Добавить
CNC.Controls.Probing.g.en-US.resources:macrodialog.baml,mnu_add:System.Windows.Controls.HeaderedItemsControl.Header,Menu,True,True,,Add
CNC.Controls.Probing.g.en-US.resources:macrodialog.baml,mnu_delete:System.Windows.Controls.HeaderedItemsControl.Header,Menu,True,True,,Delete
CNC.Controls.Probing.g.en-US.resources:probingview.baml,mnu_delete:System.Windows.Controls.HeaderedItemsControl.Header,Menu,True,True,,Удалить
CNC.Controls.Probing.g.en-US.resources:probingview.baml,mnu_update:System.Windows.Controls.HeaderedItemsControl.Header,Menu,True,True,,Обновить
CNC.Controls.Probing.g.en-US.resources:macrodialog.baml,mnu_update:System.Windows.Controls.HeaderedItemsControl.Header,Menu,True,True,,Update
CNC.Controls.Probing.g.en-US.resources:csselectcontrol.baml,set_coord:System.Windows.Controls.ContentControl.Content,RadioButton,True,True,,Система координат:
CNC.Controls.Probing.g.en-US.resources:probingview.baml,str_cameraPosition:System.String.$Content,None,True,True,,"Позиция камеры {0}, X: {1}, Y: {2}"
CNC.Controls.Probing.g.en-US.resources:centerfindercontrol.baml,str_centerFinderClearance:System.String.$Content,None,True,True,,Зазор измерения XY слишком велик для детали размера {0}.
CNC.Controls.Probing.g.en-US.resources:centerfindercontrol.baml,str_centerFinderCompleted:System.String.$Content,None,True,True,,"Измерение завершено: размер X  {0}, разменр Y {1}."
CNC.Controls.Probing.g.en-US.resources:centerfindercontrol.baml,str_centerFinderFailed:System.String.$Content,None,True,True,,Ошибка измерения
CNC.Controls.Probing.g.en-US.resources:centerfindercontrol.baml,str_centerFinderInitFailed:System.String.$Content,None,True,True,,Ошибка инициализации!
CNC.Controls.Probing.g.en-US.resources:centerfindercontrol.baml,str_CenterFinderInstructions:System.String.$Content,None,True,True,,"Щелкните на изображении, для выбора операции измерения.\\nУстановите датчик приблизительно над центром заготовки перед запуском."
CNC.Controls.Probing.g.en-US.resources:centerfindercontrol.baml,str_centerFinderPass:System.String.$Content,None,True,True,,"Измерение, проход {0} из {1}..."
CNC.Controls.Probing.g.en-US.resources:centerfindercontrol.baml,str_centerFinderType:System.String.$Content,None,True,True,,Выберите тип измерения щелчком на изображении выше.
CNC.Controls.Probing.g.en-US.resources:centerfindercontrol.baml,str_centerFinderWpSize:System.String.$Content,None,True,True,,Размер заготовки {0} не может быть 0.
CNC.Controls.Probing.g.en-US.resources:edgefindercontrol.baml,str_edgeFinderCompleted:System.String.$Content,None,True,True,,Измерение завершено.
CNC.Controls.Probing.g.en-US.resources:edgefindercontrol.baml,str_edgeFinderFailed:System.String.$Content,None,True,True,,Ошибка измерения
CNC.Controls.Probing.g.en-US.resources:edgefindercontrol.baml,str_edgeFinderInitFailed:System.String.$Content,None,True,True,,"Ошибка измерения, текущяя позиция не известна."
CNC.Controls.Probing.g.en-US.resources:edgefindercontrol.baml,str_EdgeFinderInstructions:System.String.$Content,None,True,True,,"Щелкните по границе, углу или центру на изображении, для выбора операции измерения.\\nПереместите датчик в позицию, отмеченную зеленой точкой перед запуском."
CNC.Controls.Probing.g.en-US.resources:edgefindercontrol.baml,str_edgeFinderType:System.String.$Content,None,True,True,,Выберите грань или угол для измерения щелчком на соответствующей части изображения выше.
CNC.Controls.Probing.g.en-US.resources:edgefinderintcontrol.baml,str_edgeIntFinderCompleted:System.String.$Content,None,True,True,,Измерение завершено.
CNC.Controls.Probing.g.en-US.resources:edgefinderintcontrol.baml,str_edgeIntFinderFailed:System.String.$Content,None,True,True,,Ошибка измерения
CNC.Controls.Probing.g.en-US.resources:edgefinderintcontrol.baml,str_edgeIntFinderInitFailed:System.String.$Content,None,True,True,,"Ошибка измерения, текущяя позиция не известна."
CNC.Controls.Probing.g.en-US.resources:edgefinderintcontrol.baml,str_edgeIntFinderInstructions:System.String.$Content,None,True,True,,"Щелкните по границе, углу или центру на изображении, для выбора операции измерения.\\nПереместите датчик в позицию, отмеченную зеленой точкой перед запуском."
CNC.Controls.Probing.g.en-US.resources:edgefinderintcontrol.baml,str_edgeIntFinderType:System.String.$Content,None,True,True,,Выберите грань или угол для измерения щелчком на соответствующей части изображения выше.
CNC.Controls.Probing.g.en-US.resources:heightmapcontrol.baml,str_heightMapCompleted:System.String.$Content,None,True,True,,"Измерение завершено: Z min: {0}, Z max: {1}."
CNC.Controls.Probing.g.en-US.resources:heightmapcontrol.baml,str_heightMapFailed:System.String.$Content,None,True,True,,Ошибка измерения
CNC.Controls.Probing.g.en-US.resources:heightmapcontrol.baml,str_heightMapInstructions:System.String.$Content,None,True,True,,"Быстрое перемнщение в X0Y0 перед началом измерения карты высот.\\nУбедитесть, что позиция по Z установлена в положение, свободнгое от препятствий."
CNC.Controls.Probing.g.en-US.resources:heightmapcontrol.baml,str_heightMapPointOf:System.String.$Content,None,True,True,,Probing point {0} of {1}...
CNC.Controls.Probing.g.en-US.resources:probingview.baml,str_jogActive:System.String.$Content,None,True,True,,Перемещение клавиатурой активно
CNC.Controls.Probing.g.en-US.resources:probingview.baml,str_jogDisabled:System.String.$Content,None,True,True,,Перемещение клавиатурой отключено
CNC.Controls.Probing.g.en-US.resources:libstrings.baml,str_macroChangedSave:System.String.$Content,None,True,True,,"Macro was changed, save?"
CNC.Controls.Probing.g.en-US.resources:centerfindercontrol.baml,str_positionsRequired:System.String.$Content,None,True,True,,Необходимо {0} точек измерения.
CNC.Controls.Probing.g.en-US.resources:probeverify.baml,str_probeVerify:System.Windows.Controls.ContentControl.Content,Label,True,True,,Assert probe to verify connection.
CNC.Controls.Probing.g.en-US.resources:libstrings.baml,str_probing:System.String.$Content,None,True,True,,Измерение...
CNC.Controls.Probing.g.en-US.resources:libstrings.baml,str_probingDistanceError:System.String.$Content,None,True,True,,Дистанция измерения должна быть более зазора XY + ½ диаметра щупа.
CNC.Controls.Probing.g.en-US.resources:libstrings.baml,str_probingFailedAlarm:System.String.$Content,None,True,True,,"Авария при измерении, очистьте аварию на закладке Grbl."
CNC.Controls.Probing.g.en-US.resources:libstrings.baml,str_probingFailedCancelled:System.String.$Content,None,True,True,,Измерение прервано/ошибка.
CNC.Controls.Probing.g.en-US.resources:libstrings.baml,str_probingHeigthMapMinSize:System.String.$Content,None,True,True,,Карта высот должна содержать минимум 4 точки.
CNC.Controls.Probing.g.en-US.resources:libstrings.baml,str_probingHeigthMapNarrow:System.String.$Content,None,True,True,,Карта высот не может быть бесконечно узкой.
CNC.Controls.Probing.g.en-US.resources:libstrings.baml,str_probingIllegalPosition:System.String.$Content,None,True,True,,"Неверная позиция датчика, повторите."
CNC.Controls.Probing.g.en-US.resources:libstrings.baml,str_probingLatchDistanceError:System.String.$Content,None,True,True,,Дистанция поиска должна быть меньше дистанции измерения.
CNC.Controls.Probing.g.en-US.resources:libstrings.baml,str_probingNoPos:System.String.$Content,None,True,True,,"Ошибка измерения, текущяя позиция не известна."
CNC.Controls.Probing.g.en-US.resources:libstrings.baml,str_probingNoProbe:System.String.$Content,None,True,True,,"Ошибка измерения, датчик не подключен."
CNC.Controls.Probing.g.en-US.resources:libstrings.baml,str_probingNotIdle:System.String.$Content,None,True,True,,"Ошибка измерения, Grbl не в режиме ГОТОВ или смена инструмента."
CNC.Controls.Probing.g.en-US.resources:libstrings.baml,str_probingNoVerifyContinue:System.String.$Content,None,True,True,,"Probe connection was not verified, continue anyway?"
CNC.Controls.Probing.g.en-US.resources:libstrings.baml,str_probingProbeAsserted:System.String.$Content,None,True,True,,"Ошибка измерения, неожиданный сигнал с датчика."
CNC.Controls.Probing.g.en-US.resources:libstrings.baml,str_probingProbingAtX0Y0:System.String.$Content,None,True,True,,Probing @X0Y0...
CNC.Controls.Probing.g.en-US.resources:libstrings.baml,str_probingRadiusArcs:System.String.$Content,None,True,True,,GCode содержит дуги в плоскости XZ или YZ (G18/19). Трансляция невозможна. Используйте &apos;Arcs to Lines&apos; при необходимости.
CNC.Controls.Probing.g.en-US.resources:libstrings.baml,str_probingVerifyStart:System.String.$Content,None,True,True,,Press [Start] again to start probing.
CNC.Controls.Probing.g.en-US.resources:rotationcontrol.baml,str_rotationCompleted:System.String.$Content,None,True,True,,Измерение завершено.
CNC.Controls.Probing.g.en-US.resources:rotationcontrol.baml,str_rotationFailed:System.String.$Content,None,True,True,,Ошибка измерения
CNC.Controls.Probing.g.en-US.resources:rotationcontrol.baml,str_rotationInitFailed:System.String.$Content,None,True,True,,Угол: {0} град
CNC.Controls.Probing.g.en-US.resources:rotationcontrol.baml,str_rotationInstructions:System.String.$Content,None,True,True,,"Щелкните по границе на изображении, для выбора операции измереня.\\nПереместите датчик в позицию, отмеченную зеленой точкой перед запуском."
CNC.Controls.Probing.g.en-US.resources:rotationcontrol.baml,str_rotationType:System.String.$Content,None,True,True,,Выберите грань для измерения щелчком на соответствующей части изображения выше.
CNC.Controls.Probing.g.en-US.resources:probingview.baml,str_runMacro:System.String.$Content,None,True,True,,Выполнить макрос {0}?
CNC.Controls.Probing.g.en-US.resources:toollengthcontrol.baml,str_toolLengthCompleted:System.String.$Content,None,True,True,,Измерение завершено.
CNC.Controls.Probing.g.en-US.resources:toollengthcontrol.baml,str_toolLengthFailed:System.String.$Content,None,True,True,,Ошибка измерения
CNC.Controls.Probing.g.en-US.resources:toollengthcontrol.baml,str_toolLengthInitFailed:System.String.$Content,None,True,True,,Ось необходимо базировать перед измерением оснастки!
CNC.Controls.Probing.g.en-US.resources:probingview.baml,tab_Center:System.Windows.Controls.HeaderedContentControl.Header,Label,True,True,,Поиск центра
CNC.Controls.Probing.g.en-US.resources:probingview.baml,tab_edgeExternal:System.Windows.Controls.HeaderedContentControl.Header,Label,True,True,,Внутренняя кромка
CNC.Controls.Probing.g.en-US.resources:probingview.baml,tab_edgeInternal:System.Windows.Controls.HeaderedContentControl.Header,Label,True,True,,Внешняя кромка
CNC.Controls.Probing.g.en-US.resources:probingview.baml,tab_heightmap:System.Windows.Controls.HeaderedContentControl.Header,Label,True,True,,Карта высот
CNC.Controls.Probing.g.en-US.resources:probingview.baml,tab_Rotation:System.Windows.Controls.HeaderedContentControl.Header,Label,True,True,,Поворот
CNC.Controls.Probing.g.en-US.resources:probingview.baml,tab_toolOffset:System.Windows.Controls.HeaderedContentControl.Header,Label,True,True,,Коррекция инструмента
CNC.Controls.Probing.g.en-US.resources:macrodialog.baml,txt_postprobecommands:System.Windows.FrameworkElement.ToolTip,ToolTip,True,True,,Commands to after before probing completes.
CNC.Controls.Probing.g.en-US.resources:macrodialog.baml,txt_preprobecommands:System.Windows.FrameworkElement.ToolTip,ToolTip,True,True,,Commands to run before probing starts.
CNC.Controls.Probing.g.en-US.resources:probingview.baml,txt_warning:System.Windows.Documents.Run.Text,Text,True,True,,Внемание! Используйте с осторожностью - возможно повреждение датчика!
